name_part1,name_part2,name_fluid1,material_group,temp_cold,cooling_rate,time_sub,time_sinter_1,temp_sinter_1,vf_total,porosity
Al2O3,,water,Ceramic,,0.0,,2.0,2073.0,0.2,0.553
HAP,,water,Ceramic,253.0,0.0,,3.0,1623.0,0.1,0.7
Al2O3,,water,Ceramic,,0.0,36.0,3.0,1123.0,0.15,0.67
YSZ,,water,Ceramic,253.0,0.0,24.0,2.0,873.0,0.3297,0.5
Al2O3,,water,Ceramic,,0.0,36.0,3.0,873.0,0.1,0.84
HAP,BT,water,Ceramic,,0.0,36.0,3.0,1373.0,0.4,0.42
Al2O3,,water,Ceramic,,0.0,96.0,4.0,723.0,0.25,0.73
Y2SiO5,,TBA,Ceramic,,0.0,,1.0,1473.0,0.15,0.56
HAP,TCP,camphene,Ceramic,,0.0,,3.0,1573.0,0.11,0.5
fireclay,,water,Ceramic,,0.0,24.0,2.0,823.0,0.1751,0.7312
TiO2,,water,Ceramic,,10.0,72.0,3.0,1273.0,0.1,0.855
Mullite,,TBA,Ceramic,,0.0,0.0,1.0,1873.0,0.1583,0.71
kaolinite,Al2O3,water,Ceramic,233.0,0.0,24.0,2.0,1773.0,0.05,0.915
HAP,,water,Ceramic,253.0,0.0,,3.0,1623.0,0.2,0.37
Bentonite,,water,Ceramic,208.0,0.0,24.0,1.0,873.0,0.0235,0.97
YSZ,,camphene,Ceramic,278.0,0.0,,2.0,1823.0,0.1,0.85
SiO2,,water,Ceramic,,0.0,,,,0.0038,0.6
Al2O3,ZrO2,TBA,Ceramic,77.0,0.0,,,1773.0,0.15,0.48
LSM,YSZ,water,Ceramic,,38.0,12.0,1.0,873.0,0.17,0.65
YSZ,,water,Ceramic,,0.0,,,,0.5,0.59
chitin,,water,Polymer,77.0,0.0,24.0,,,0.0053,0.981
WO3,,water,Metal,253.0,0.0,,,1023.0,0.25,0.465
Al2O3,,camphene,Ceramic,291.0,0.0,0.0,4.0,1873.0,0.43,0.2
YSZ,,TBA,Ceramic,,0.0,,0.5,773.0,0.1,0.7
BT,kaolinite,water,Ceramic,243.0,0.0,0.0,,873.0,0.11,0.68
chitosan,HAP,water,Polymer,77.0,0.0,0.0,,,0.09,0.503
Al2O3,,water,Ceramic,,0.0,96.0,4.0,723.0,0.15,0.79
Al2O3,,water,Ceramic,,0.0,24.0,2.0,8873.0,0.3,0.42
YSZ,,TBA,Ceramic,195.0,,,1.0,1723.0,0.15,0.74
kaolinite,Al2O3,water,Ceramic,203.0,0.0,24.0,2.0,1773.0,0.06,0.892
HAP,,water,Ceramic,,0.0,24.0,,,0.171,0.7
HAP,,water,Ceramic,243.0,0.0,0.0,3.0,1623.0,0.45,0.375
HAP,Al2O3,water,Ceramic,,1.0,,24.0,873.0,0.15,0.7994
SiO2,kaolinite,water,Ceramic,238.0,0.0,,72.0,1523.0,0.18,0.6
YSZ,Al2O3,water,Ceramic,,0.0,24.0,,773.0,0.16,0.68
HAP,Al2O3,water,Ceramic,,1.0,,24.0,873.0,0.15,0.7936
SiO2,,water,Ceramic,223.0,0.0,12.0,3.0,1673.0,0.07,0.5
Bioglass,,water,Ceramic,253.0,0.0,,,773.0,0.125,0.65
SiC,,camphene,Ceramic,276.0,0.0,,2.0,873.0,0.1,0.74
WO3,,water,Metal,248.0,0.0,,,1023.0,0.25,0.443
ZrB2,SiC,water,Ceramic,233.0,0.0,0.0,0.5,773.0,0.76,0.385
Bioglass,,camphene,Ceramic,,0.0,,1.0,1773.0,0.1,0.5
PZT,,TBA,Ceramic,213.0,0.0,0.0,2.0,1723.0,0.3,0.5
SiC,chitosan,acetic acid,Ceramic,,4.0,24.0,1.0,873.0,0.07,0.92
HAP,SiO2,water,Ceramic,,4.0,,24.0,873.0,0.15,0.7302
YSZ,,TBA,Ceramic,,0.0,12.0,1.0,873.0,0.02,0.77
Al2O3,,water,Ceramic,,0.0,96.0,4.0,723.0,0.25,0.65
CaP,,water,Ceramic,208.0,0.0,0.0,2.0,873.0,0.2,0.77
Cordierite,,water,Ceramic,223.0,0.0,24.0,2.0,1473.0,0.1,0.87
BT,kaolinite,water,Ceramic,243.0,0.0,0.0,,873.0,0.11,0.6
HAP,,water,Ceramic,,0.0,,,1573.0,0.32,0.47
Al2O3,,water,Ceramic,253.0,0.0,,2.0,1573.0,0.1,0.86
Al2O3,CuO,water,Ceramic,253.0,0.0,48.0,1.0,873.0,0.3,0.52
theophylline,starch,water,Pharmaceutical,243.0,0.0,24.0,,,0.34,0.42
Al2O3,CuO,water,Ceramic,253.0,0.0,48.0,1.0,873.0,0.3,0.46
ZrB2,SiC,camphene,Ceramic,,0.0,72.0,3.0,823.0,0.25,0.55
Al2O3,,water,Ceramic,,0.0,96.0,4.0,723.0,0.35,0.65
kaolinite,Al2O3,water,Ceramic,213.0,0.0,24.0,2.0,1773.0,0.05,0.911
Ni,,water,Metal,263.0,0.0,,,773.0,0.1,0.85
Ni,,water,Metal,233.0,0.0,,,773.0,0.1,0.85
Yb2SiO5,,water,Ceramic,77.0,0.0,48.0,2.0,873.0,0.2,0.791
SiO2,,TBA,Ceramic,,0.0,12.0,1.0,873.0,0.07,0.7
Al2O3,SiC,water,Ceramic,77.0,0.0,0.0,1.0,873.0,0.55,0.07
HAP,,water,Ceramic,,,24.0,4.0,1573.0,0.2459,0.6
gelatin,,acetic acid,Polymer,77.0,0.0,48.0,,,0.0155,0.97
HAP,,water,Ceramic/Polymer,,0.0,48.0,4.0,1573.0,0.2,0.16
LSCF,GCO,water,Ceramic,193.0,0.0,,5.0,1623.0,0.27,0.431
Al2O3,,water,Ceramic,238.0,0.0,,5.0,1923.0,0.45,0.32
Yb2SiO5,,TBA,Ceramic,,0.0,0.0,2.0,673.0,0.15,0.852
YSZ,,water,Ceramic,,0.0,,,,0.0122,0.9
Bioglass,,camphene,Ceramic,,0.0,,3.0,1523.0,0.0847,0.69
SiO2,,water,Ceramic,,0.0,,,,0.1392,0.4
YSZ,,TBA,Ceramic,,0.0,,2.0,1773.0,0.15,0.718
Al2O3,,water,Ceramic,,0.0,96.0,4.0,723.0,0.15,0.82
TCP,,water,Ceramic,77.0,0.0,24.0,0.5,873.0,0.02,0.54
SiO2,kaolinite,water,Ceramic,238.0,0.0,,24.0,1523.0,0.12,0.55
HAP,,water,Ceramic,,,24.0,4.0,1573.0,0.2459,0.3
Al2O3,,water,Ceramic,228.0,0.0,24.0,5.0,1873.0,0.23,0.639
TCP,,water,Ceramic,,0.0,48.0,,673.0,0.1,0.818
PVA,,water,Polymer,77.0,0.0,,,,0.0657,0.82
PZT,,TBA,Ceramic,243.0,0.0,48.0,2.0,1673.0,0.4,0.28
Al2O3,,water,Ceramic,,0.0,36.0,3.0,1123.0,0.1,0.75
SiO2,,TBA,Ceramic,,0.0,12.0,1.0,873.0,0.19,0.58
SiO2,,water,Ceramic,253.0,0.0,24.0,2.0,873.0,0.3297,0.5
Al2O3,,water,Ceramic,,0.0,36.0,3.0,1123.0,0.3,0.6
Si3N4,Y2O3,water,Ceramic,193.0,0.0,24.0,2.0,1973.0,0.2,0.665
Yb2SiO5,,TBA,Ceramic,,0.0,0.0,2.0,823.0,0.15,0.8465
WO3,,water,Metal,255.5,0.0,,,1023.0,0.15,0.636
Mullite,,TBA,Ceramic,173.0,0.0,12.0,2.0,1823.0,0.2,0.76
Ca3ZrSi2O9,,water,Ceramic,,4.0,,1.0,873.0,0.2,0.5822
HAP,,water,Ceramic,,0.0,24.0,3.0,873.0,0.2,0.71
Al2O3,,water,Ceramic,,0.0,96.0,4.0,723.0,0.15,0.79
Y2O3,SiO2,TBA,Ceramic,,0.0,12.0,1.0,1023.0,0.0788,0.66
SiO2,,water,Ceramic,255.0,0.0,24.0,2.0,873.0,0.3297,0.5
TiO2,,camphene,Ceramic,,0.0,,,,0.05,0.93
SiO2,,TBA,Ceramic,,0.0,72.0,,,0.2,0.68
HAP,,TBA,Ceramic,,0.0,,1.0,1673.0,0.075,0.86
HAP,,TBA,Ceramic,,0.0,,1.0,1673.0,0.15,0.66
HAP,SiO2,water,Ceramic,,1.0,,24.0,873.0,0.15,0.8519
YSZ,,water,Ceramic,,2.0,48.0,5.0,773.0,0.2,0.642
PVA,,water,Ceramic/Polymer,233.0,0.0,5.0,,,0.07,0.9
HAP,MgO,TBA,Ceramic,,0.0,,1.0,1673.0,0.15,0.65
PZT,,TBA,Ceramic,,0.0,0.0,2.0,1723.0,0.2,0.7
Fe2O3,,water,Metal,243.0,,48.0,2.0,573.0,0.141,0.504
HAP,MgO,TBA,Ceramic,,0.0,,1.0,1673.0,0.1,0.68
SiC,,water,Ceramic,203.0,,,1.0,2023.0,0.3,0.6341
PCS,,water,Polymer,77.0,0.0,24.0,,,0.32,0.662
Al2O3,,water,Ceramic,,0.0,96.0,4.0,723.0,0.35,0.66
Ti,,camphene,Metal,,0.0,,2.0,1773.0,0.3,0.13
Al2O3,,camphene,Ceramic,248.0,0.0,,2.0,8873.0,0.2,0.75
Bioglass,,camphene,Ceramic,,2.0,24.0,1.0,1673.0,0.1,0.86
Al2O3,,TBA,Ceramic,,0.0,72.0,2.0,873.0,0.25,0.3
SiO2,,water,Ceramic,238.0,2.0,0.0,,,0.1628,0.82
PZT,,TBA,Ceramic,,0.0,0.0,2.0,1623.0,0.1,0.41
YSZ,,water,Ceramic,253.0,0.0,24.0,2.0,873.0,0.3297,0.5
HAP,PMMA,water,Ceramic,255.0,0.0,8.0,2.0,873.0,0.2406,0.6264
Al2O3,,water,Metal/Ceramic,,1.0,48.0,2.5,2053.0,0.336,0.109
TCP,,water,Ceramic,,0.0,48.0,,673.0,0.2,0.665
stainless steel,,water,Ceramic,233.0,0.0,0.0,2.0,1773.0,0.56,0.21
Mullite,,TBA,Ceramic,,0.0,0.0,2.0,1773.0,0.0659,0.77
SiC,,water,Ceramic,,0.0,5.0,1.0,873.0,0.12,0.705
YSZ,,water,Ceramic,253.0,0.0,24.0,2.0,873.0,0.3297,0.5
SiC,,water,Ceramic,,0.0,5.0,1.0,873.0,0.12,0.65
SiO2,kaolinite,water,Ceramic,238.0,0.0,,12.0,1523.0,0.12,0.6
Y2SiO5,,water,Ceramic,,0.0,48.0,2.0,1773.0,0.4,0.8
SiO2,,TBA,Ceramic,193.0,0.0,72.0,,,0.3614,0.7
Al2O3,,Glycerine Ether,Ceramic,253.0,0.0,,3.0,1873.0,0.2,0.7
Mullite,,TBA,Ceramic,173.0,0.0,12.0,2.0,1823.0,0.3,0.66
YSZ,,TBA,Ceramic,,0.0,12.0,1.0,873.0,0.08,0.55
Al2O3,CuO,water,Ceramic,253.0,0.0,48.0,1.0,873.0,0.3,0.54
YSZ,,TBA,Ceramic,77.0,0.0,0.0,,873.0,0.15,0.755
polysiloxane,,cyclohexane,Polymer,238.0,,48.0,4.0,1373.0,0.2,0.771
TiO2,,water,Ceramic,,10.0,72.0,3.0,1273.0,0.1,0.848
Mullite,,TBA,Ceramic,,0.0,12.0,2.0,1973.0,0.3,0.56
Mullite,,TBA,Ceramic,253.0,0.0,12.0,2.0,1973.0,0.4,0.55
YSZ,,water,Ceramic,,0.0,,0.5,773.0,0.5,0.41
Al2O3,TiO2,camphene,Ceramic,,0.0,72.0,2.0,1573.0,0.25,0.73
SiO2,Mullite,water,Ceramic,223.0,0.0,12.0,3.0,1673.0,0.17,0.15
PZT,,TBA,Ceramic,,0.0,0.0,2.0,1598.0,0.15,0.379
HAP,BT,water,Ceramic,,0.0,36.0,3.0,1373.0,0.2,0.59
Al2O3,,water,Ceramic,83.0,0.0,24.0,3.0,1173.0,0.2,0.7
Bioglass,,camphene,Ceramic,,0.0,24.0,1.0,1673.0,0.1,0.37
HAP,,camphene,Ceramic,296.0,0.0,20.0,1.0,1493.0,0.1,0.72
HAP,,water,Ceramic,,0.0,0.0,1.0,873.0,0.13,0.5849
SiO2,,water,Ceramic,193.0,0.0,12.0,2.0,1573.0,0.1,0.89
TiH2,,camphene,Metal,306.0,0.0,,2.0,873.0,0.15,0.63
Mullite,,TBA,Ceramic,,0.0,12.0,2.0,2023.0,0.4,0.54
Al2O3,,water,Ceramic,,0.0,,2.0,1563.0,0.3,0.65
Y2SiO5,,TBA,Ceramic,,0.0,,1.0,1473.0,0.1,0.73
HAP,,water,Ceramic,,8.0,,2.0,873.0,0.15,0.77
NiTiNbO,,water,Metal/Ceramic,203.0,0.0,96.0,0.5,873.0,0.35,0.5621
TiO2,,water,Ceramic,,0.0,24.0,2.0,1573.0,0.3527,0.36
Al2O3,,water,Ceramic,238.0,0.0,,5.0,1923.0,0.45,0.28
SiO2,,water,Ceramic,223.0,0.0,12.0,3.0,1673.0,0.04,0.6
YSZ,,TBA,Ceramic,,0.0,,2.0,1773.0,0.1,0.742
YSZ,Al2O3,water,Ceramic,,0.0,24.0,,773.0,0.22,0.51
WO3,,water,Metal,258.0,0.0,,8.0,1023.0,0.2,0.483
YSZ,,TBA,Ceramic,,0.0,,,,0.5,0.65
chitosan,HAP,water,Polymer,,0.0,0.0,,,0.09,0.338
Al2O3,,water,Ceramic,,0.0,96.0,4.0,723.0,0.35,0.53
HAP,,water,Ceramic/Polymer,263.0,0.0,,2.0,1773.0,0.15,0.65
CuO,,water,Metal,257.0,0.0,,2.0,1563.0,0.15,0.8
Al2O3,,camphene,Ceramic,253.0,,,12.0,316.0,0.15,0.77
Mullite,,camphene,Ceramic,,0.0,24.0,1.0,773.0,0.1131,0.68
SiC,,water,Ceramic,,0.0,5.0,1.0,873.0,0.12,0.745
Bioglass,,camphene,Ceramic,,0.0,24.0,1.0,1673.0,0.1,0.59
SiC,chitosan,acetic acid,Ceramic,,15.0,24.0,1.0,873.0,0.07,0.92
Yb2SiO5,,water,Ceramic,77.0,0.0,48.0,2.0,823.0,0.15,0.839
Al2O3,,water,Ceramic,,1.0,,2.0,1873.0,0.3,0.771
Si3N4,,benzoic acid,Ceramic,,0.0,5.0,4.0,2023.0,0.16,0.62
Bioglass,,water,Ceramic,,0.0,24.0,1.5,2073.0,0.05,0.8623
Al2O3,,water,Ceramic,243.0,0.0,24.0,5.0,1873.0,0.23,0.639
Al2O3,CuO,water,Ceramic,253.0,0.0,48.0,1.0,873.0,0.3,0.4
Al2O3,,water,Ceramic,253.0,0.0,24.0,5.0,1873.0,0.23,0.639
Al2O3,,camphene,Ceramic,253.0,0.0,24.0,1.0,873.0,0.1,0.75
BaTiO3,Al2O3,water,Ceramic,,0.0,,2.0,1673.0,0.2,0.411
SiO2,,water,Ceramic,193.0,0.0,12.0,2.0,1523.0,0.1,0.89
NiO,YSZ,water,Metal/Ceramic,213.0,0.0,12.0,1.0,573.0,0.15,0.6088
YSZ,,TBA,Ceramic,,0.0,12.0,1.0,873.0,0.06,0.52
HAP,Al2O3,water,Ceramic,,1.0,,24.0,873.0,0.15,0.8496
WO3,,water,Metal,253.0,0.0,,,1023.0,0.275,0.444
HAP,(Ca10(PO4)6(OH)2),TBA,Ceramic,,0.0,0.0,1.0,963.0,0.1,0.65
PZT,,TBA,Ceramic,,0.0,0.0,2.0,1723.0,0.4,0.28
HAP,,water,Ceramic,253.0,0.0,,3.0,1673.0,0.1,0.67
YSZ,,water,Metal/Ceramic,,1.0,48.0,12.0,413.0,0.365,0.212
PLLA,,DMSO,Polymer,77.0,,,,,0.04,0.947
kaolinite,Al2O3,water,Ceramic,233.0,0.0,24.0,2.0,1773.0,0.06,0.894
HAP,,water,Ceramic,255.0,0.0,24.0,2.0,873.0,0.2406,0.605
YSZ,,TBA,Ceramic,243.0,0.0,0.0,0.5,723.0,0.15,0.77
collagen,alginate,water,Ceramic/Polymer,,,,,,0.02,0.922
HAP,,water,Ceramic,,8.0,,2.0,1273.0,0.15,0.81
Bioglass,,water,Ceramic,253.0,0.0,,,773.0,0.125,0.7
Y2O3,SiO2,TBA,Ceramic,,0.0,12.0,1.0,1053.0,0.1664,0.66
HAP,SiO2,water,Ceramic,,4.0,,24.0,873.0,0.15,0.8071
Al2O3,TiO2,camphene,Ceramic,77.0,0.0,72.0,2.0,1773.0,0.25,0.37
fireclay,,water,Ceramic,,0.0,24.0,1.0,873.0,0.1751,0.7398
YSZ,,TBA,Ceramic,,0.0,,0.5,773.0,0.5,0.02
PVA,,water,Polymer,77.0,0.0,,,,0.0657,0.81
TCP,,water,Ceramic,,0.0,48.0,,673.0,0.3,0.489
Al2O3,,water,Ceramic,218.0,0.0,36.0,2.0,873.0,0.235,0.664
Al2O3,,naphthalene,Ceramic,291.0,0.0,60.0,4.0,1873.0,0.2,0.6
Ti,,camphene,Metal,,0.0,,2.0,1773.0,0.15,0.71
HAP,,water,Ceramic,,0.0,24.0,3.0,1523.0,0.4,0.42
YSZ,,TBA,Ceramic,,0.0,12.0,1.0,873.0,0.03,0.74
chitin,,water,Polymer,77.0,0.0,24.0,,,0.0053,0.982
Al2O3,SiC,water,Ceramic,77.0,0.0,0.0,1.0,873.0,0.55,0.05
LSM,YSZ,water,Ceramic,,0.0,0.0,,,0.17,0.61
HAP,MgO,TBA,Ceramic,,0.0,,1.0,1673.0,0.05,0.86
Mullite,,camphene,Ceramic,77.0,0.0,,,873.0,0.153,0.51
Si3N4,Y2O3,water,Ceramic,193.0,0.0,24.0,,2123.0,0.25,0.584
Al2O3,YSZ,water,Ceramic,253.0,0.0,48.0,30.0,773.0,0.3,0.6
Si3N4,Al2O3,TBA,Ceramic,,0.0,24.0,3.0,473.0,0.3036,0.42
HAP,,TBA,Ceramic,,0.0,,1.0,1673.0,0.075,0.85
Yb2SiO5,,TBA,Ceramic,,0.0,0.0,2.0,873.0,0.15,0.8395
HAP,SiO2,water,Ceramic,,4.0,,24.0,873.0,0.15,0.8095
PVA,,water,Polymer,77.0,0.0,,,,0.0657,0.83
YSZ,,TBA,Ceramic,,0.0,,2.0,1773.0,0.15,0.631
Al2O3,,water,Ceramic,253.0,0.0,48.0,4.0,1773.0,0.2,0.643
SiC,,water,Ceramic,,0.0,5.0,1.0,873.0,0.12,0.6
YSZ,,TBA,Ceramic,,,,1.0,1823.0,0.15,0.54
Al2O3,ZrO2,TBA,Ceramic,77.0,0.0,,,1773.0,0.15,0.481
Al2O3,SiC,water,Ceramic,77.0,0.0,0.0,1.0,873.0,0.55,0.095
Mullite,,TBA,Ceramic,,0.0,0.0,,1373.0,0.1079,0.78
SiC,,water,Metal/Ceramic,263.0,0.0,24.0,0.5,773.0,0.2,0.018
BaTiO3,,water,Ceramic,,0.0,,2.0,1773.0,0.2,0.6
PCS,,water,Polymer,77.0,0.0,24.0,,,0.51,0.814
YSZ,,water,Ceramic,,0.0,,0.5,773.0,0.1,0.86
Al2O3,CuO,water,Ceramic,253.0,0.0,48.0,1.0,873.0,0.3,0.51
Al2O3,,water,Ceramic,83.0,0.0,24.0,3.0,1173.0,0.2,0.4
CuO,,water,Metal,253.0,0.0,,2.0,1573.0,0.2,0.497
Bioglass,,camphene,Ceramic,,0.0,24.0,1.0,1673.0,0.1,0.19
Al2O3,,water,Ceramic,,0.0,96.0,4.0,723.0,0.35,0.67
TiH2,,camphene,Metal,,0.0,,2.0,873.0,0.4,0.35
SiC,,camphene,Ceramic,276.0,0.0,,2.0,873.0,0.1,0.86
chitosan,TCP,water,Ceramic/Polymer,253.0,0.0,6.0,,,0.1468,0.76
Y2SiO5,,water,Ceramic,,0.0,48.0,2.0,1773.0,0.4,0.71
PZT,,TBA,Ceramic,,0.0,0.0,2.0,1573.0,0.15,0.499
TiH2,,camphene,Metal,315.0,0.0,,2.0,873.0,0.1,0.64
Al2O3,,water,Ceramic,,0.0,24.0,,1673.0,0.28,0.613
Al2O3,,TBA,Ceramic,,0.0,72.0,4.0,1773.0,0.25,0.2
HAP,,water,Ceramic,,0.5,,4.0,1723.0,0.25,0.56
Si3N4,,benzoic acid,Ceramic,,0.0,5.0,4.0,2023.0,0.16,0.64
Zeo,,water,Ceramic,123.0,0.0,48.0,1.0,2373.0,0.1892,0.713
HAP,,TBA,Ceramic,,0.0,,1.0,1673.0,0.075,0.85
Y2SiO5,,water,Ceramic,,0.0,48.0,2.0,1623.0,0.2,0.71
CuO,,water,Metal,253.0,0.0,,2.0,1573.0,0.4,0.308
Al2O3,ZrO2,TBA,Ceramic,77.0,0.0,,,1673.0,0.15,0.51
HAP,,TBA,Ceramic,,0.0,,1.0,1673.0,0.1,0.74
Mullite,,TBA,Ceramic,173.0,0.0,12.0,2.0,1823.0,0.2,0.76
HAP,,water,Ceramic,255.0,0.0,,3.0,873.0,0.23,0.4223
HAP,MgO,TBA,Ceramic,,0.0,,1.0,1673.0,0.15,0.6
PZT,,TBA,Ceramic,195.0,0.0,0.0,2.0,1723.0,0.35,0.4
PVA,,water,Polymer,77.0,0.0,,,,0.0854,0.81
SiO2,,water,Ceramic,255.0,0.0,24.0,2.0,873.0,0.3297,0.5
HAP,,camphene,Ceramic,,0.0,,,1523.0,0.1,0.75
Mullite,,camphene,Ceramic,77.0,0.0,,,873.0,0.153,0.703
theophylline,starch,water,Pharmaceutical,235.5,0.0,24.0,,,0.34,0.48
Y2SiO5,,water,Ceramic,,0.0,48.0,2.0,1773.0,0.4,0.76
gelatin,,acetic acid,Polymer,77.0,0.0,48.0,,,0.0234,0.965
HAP,SiO2,water,Ceramic,,1.0,,24.0,873.0,0.15,0.4095
YSZ,,TBA,Ceramic,,0.0,,,,0.5,0.5
HAP,SiO2,water,Ceramic,,4.0,,24.0,873.0,0.15,0.8496
PCS,,water,Polymer,77.0,0.0,24.0,,,0.51,0.899
SiO2,,water,Ceramic,238.0,2.0,0.0,2.0,673.0,0.1628,0.79
SiO2,kaolinite,water,Ceramic,233.0,0.0,12.0,,,0.43,0.43
Bioglass,,camphene,Ceramic,,0.0,24.0,1.0,1673.0,0.1,0.52
HAP,,water,Ceramic,,5.0,48.0,4.0,1573.0,0.2,0.721
TCP,,water,Ceramic,,0.0,60.0,,723.0,0.2,0.68
Si3N4,BAS,water,Ceramic,,0.0,,3.0,823.0,0.4,0.407
HAP,,water,Ceramic,,0.0,,2.0,1623.0,0.25,0.85
Mullite,,camphene,Ceramic,77.0,0.0,,,873.0,0.15,0.798
chitosan,TCP,water,Ceramic/Polymer,253.0,0.0,6.0,,,0.1468,0.76
Al2O3,chitosan,acetic acid,Ceramic,,10.0,,,,0.27,0.91
YSZ,,TBA,Ceramic,,,,1.0,1673.0,0.15,0.63
CaP,,water,Ceramic,208.0,0.0,0.0,2.0,873.0,0.15,0.83
HAP,TCP,water,Ceramic,243.0,0.0,168.0,,,0.1091,0.3
Al2O3,YSZ,water,Ceramic,253.0,0.0,48.0,30.0,773.0,0.3,0.54
TiO2,,water,Ceramic,,,24.0,2.0,1573.0,0.3527,0.36
HAP,,water,Ceramic,253.0,0.0,,3.0,1623.0,0.2,0.55
HAP,,water,Ceramic/Polymer,263.0,0.0,,2.0,1773.0,0.35,0.31
HAP,MgO,TBA,Ceramic,,0.0,,1.0,1673.0,0.05,0.84
HAP,,water,Ceramic,,0.0,,,,0.15,0.763
SiO2,kaolinite,water,Ceramic,238.0,2.0,0.0,2.0,673.0,0.1628,0.74
HAP,,water,Ceramic,,14.0,,2.0,1563.0,0.15,0.78
BaTiO3,Al2O3,water,Ceramic,,0.0,,2.0,1673.0,0.2,0.246
YSZ,,water,Ceramic,,0.0,,,,0.0189,0.78
HAP,TCP,water,Ceramic,243.0,0.0,168.0,,,0.1091,0.54
Bioglass,,camphene,Ceramic,,0.0,24.0,1.0,1673.0,0.1,0.86
stainless steel,,water,Ceramic,233.0,0.0,0.0,2.0,1773.0,0.36,0.38
HAP,,water,Ceramic,,7.0,,4.0,1573.0,0.25,0.56
YSZ,,TBA,Ceramic,195.0,0.0,0.0,,873.0,0.15,0.745
Si3N4,Y2O3,water,Ceramic,248.0,0.0,24.0,,2123.0,0.2,0.628
Al2O3,,water,Ceramic,223.0,0.0,24.0,,1823.0,0.4,0.36
Al2O3,,TBA,Ceramic,,0.0,72.0,2.0,1873.0,0.25,0.28
Ag,,water,Metal,77.0,0.0,48.0,,,0.001,0.959
Al2O3,SiC,water,Ceramic,77.0,0.0,0.0,1.0,773.0,0.55,0.07
Al2O3,YSZ,water,Ceramic,253.0,0.0,48.0,30.0,773.0,0.3,0.6
Mullite,,TBA,Ceramic,,0.0,0.0,2.0,1773.0,0.1583,0.62
PVA,,water,Polymer,77.0,0.0,,,,0.0657,0.8
Al2O3,,water,Ceramic,,0.0,,0.5,873.0,0.2,0.7102
Al2O3,,water,Ceramic,,0.0,96.0,4.0,723.0,0.35,0.64
YSZ,,water,Ceramic,255.0,0.0,24.0,2.0,873.0,0.3297,0.43
LSM,YSZ,water,Ceramic,,5.0,12.0,1.0,873.0,0.17,0.66
Al2O3,,water,Ceramic,,1.0,24.0,2.0,1823.0,0.35,0.486
HAP,,water,Ceramic,253.0,0.0,,3.0,1623.0,0.1,0.7
PVA,,water,Polymer,77.0,0.0,,,,0.0211,0.88
Y2O3,SiO2,TBA,Ceramic,,0.0,12.0,1.0,1023.0,0.0788,0.6
kaolinite,Al2O3,water,Ceramic,233.0,0.0,24.0,2.0,1773.0,0.07,0.852
HAP,Al2O3,water,Ceramic,,4.0,,24.0,873.0,0.15,0.8037
SiO2,kaolinite,water,Ceramic,238.0,0.0,,,1523.0,0.24,0.75
AlN,AlN,water,Ceramic,233.0,0.0,,2.0,873.0,0.49,0.08
Al2O3,,water,Ceramic,,0.0,96.0,4.0,723.0,0.15,0.79
HAP,(Ca10(PO4)6(OH)2),TBA,Ceramic,,0.0,0.0,1.0,963.0,0.1,0.79
SiO2,kaolinite,water,Ceramic,238.0,2.0,0.0,,,0.1628,0.82
Al2O3,,water,Ceramic,,10.0,48.0,,,0.27,0.918
LSM,YSZ,water,Ceramic,,5.0,12.0,1.0,873.0,0.17,0.65
LSM,YSZ,water,Ceramic,,5.0,12.0,1.0,873.0,0.23,0.596
Al2O3,,naphthalene,Ceramic,291.0,0.0,60.0,4.0,1873.0,0.2,0.55
HAP,,camphene,Ceramic,,0.0,,,1523.0,0.15,0.66
BaTiO3,Al2O3,water,Ceramic,,0.0,,2.0,1673.0,0.2,0.403
Zeo,,water,Ceramic,123.0,0.0,48.0,1.5,1823.0,0.1892,0.7146
Al2O3,TiO2,water,Ceramic,,0.0,24.0,0.5,773.0,0.05,0.68
Mullite,,TBA,Ceramic,173.0,0.0,12.0,2.0,1823.0,0.35,0.595
Mullite,,TBA,Ceramic,253.0,0.0,12.0,2.0,1823.0,0.35,0.58
WO3,,water,Metal,258.0,0.0,,,1023.0,0.2,0.66
PVA,collagen,water,Ceramic/Polymer,233.0,0.0,5.0,,,0.07,0.87
Al2O3,,water,Ceramic,,0.0,96.0,4.0,723.0,0.15,0.82
Al2O3,ZrO2,TBA,Ceramic,77.0,0.0,,,1673.0,0.15,0.51
YSZ,,TBA,Ceramic,,0.0,,,,0.5,0.78
SiO2,,water,Ceramic,193.0,0.0,12.0,2.0,1523.0,0.01,0.98
HAP,BT,water,Ceramic,173.0,5.0,24.0,3.0,873.0,0.2,0.606
PZT,,TBA,Ceramic,,0.0,0.0,2.0,1573.0,0.1,0.586
HAP,PMMA,water,Ceramic,255.0,0.0,8.0,2.0,873.0,0.2406,0.6519
HAP,,water,Ceramic,253.0,0.0,,3.0,1673.0,0.2,0.52
PZT,,TBA,Ceramic,,0.0,0.0,2.0,1573.0,0.15,0.576
Yb2SiO5,,TBA,Ceramic,,0.0,0.0,2.0,873.0,0.15,0.8395
HAP,Al2O3,water,Ceramic,,4.0,,24.0,873.0,0.15,0.7906
Bioglass,,camphene,Ceramic,,0.0,,1.0,1723.0,0.1,0.5
Al2O3,CuO,water,Ceramic,253.0,0.0,48.0,1.0,873.0,0.3,0.53
Al2O3,,water,Ceramic,,0.0,36.0,3.0,1123.0,0.3,0.43
PZT,,camphene,Ceramic,293.0,0.0,48.0,2.0,1573.0,0.15,0.71
HAP,,water,Ceramic,255.0,0.0,24.0,2.0,873.0,0.2406,0.623
Al2O3,,water,Ceramic,,0.0,96.0,4.0,723.0,0.35,0.6
HAP,,water,Ceramic,,14.0,,2.0,1563.0,0.15,0.6
CaSiO3,PCS,water,Ceramic,243.0,0.0,,3.0,1623.0,0.2,0.73
YSZ,,TBA,Ceramic,,0.0,,0.5,773.0,0.4,0.1
YSZ,,camphene,Ceramic,,0.0,,1.0,973.0,0.1,0.815
Y2O3,SiO2,TBA,Ceramic,,0.0,12.0,1.0,973.0,0.0475,0.57
PZT,,TBA,Ceramic,,0.0,0.0,2.0,1723.0,0.35,0.44
Al2O3,,camphene,Ceramic,248.0,0.0,,2.0,8873.0,0.2,0.7
Al2O3,,water,Ceramic,,0.0,36.0,3.0,1123.0,0.2,0.6
YSZ,,camphene,Ceramic,,0.0,24.0,2.0,1823.0,0.15,0.75
Al2O3,,water,Ceramic,203.0,0.0,,2.0,873.0,0.2,0.91
Al2O3,TiO2,camphene,Ceramic,,0.0,72.0,2.0,1573.0,0.25,0.74
gelatin,,water,Polymer,,6.0,72.0,,,0.0075,0.99
Cr2O3,,camphene,Ceramic,288.0,0.0,24.0,15.0,1373.0,0.1,0.869
PZT,,TBA,Ceramic,,0.0,0.0,2.0,1723.0,0.25,0.57
HAP,SiO2,water,Ceramic,,1.0,,24.0,873.0,0.15,0.8443
Ca3ZrSi2O9,,water,Ceramic,,1.0,,1.0,873.0,0.125,0.6427
TiO2,,water,Ceramic,,0.0,24.0,2.0,1573.0,0.2594,0.45
HAP,TCP,water,Ceramic,243.0,0.0,168.0,,,0.1091,0.72
Al2O3,TiO2,camphene,Ceramic,,0.0,72.0,2.0,1573.0,0.25,0.7
HAP,,TBA,Ceramic,,0.0,,1.0,873.0,0.1196,0.681
chitosan,,water,Polymer,,1.0,48.0,,,0.0125,0.9836
chitosan,TCP,water,Ceramic/Polymer,253.0,0.0,6.0,,,0.1468,0.83
Mullite,,TBA,Ceramic,,0.0,0.0,2.0,1773.0,0.1079,0.64
Si3N4,Y2O3,water,Ceramic,193.0,0.0,24.0,,2048.0,0.3,0.499
Al2O3,,water,Ceramic,,0.0,,2.0,2073.0,0.1,0.717
Bentonite,,water,Ceramic,249.0,0.0,24.0,1.0,873.0,0.0235,0.97
PZT,,TBA,Ceramic,243.0,0.0,48.0,2.0,1723.0,0.4,0.28
Al2O3,,camphene,Ceramic,248.0,0.0,,2.0,2223.0,0.2,0.79
Al2O3,,water,Ceramic,,0.0,24.0,2.0,1873.0,0.1,0.735
Si3N4,Al2O3,TBA,Ceramic,,0.0,24.0,3.0,573.0,0.1623,0.48
Al2O3,,camphene,Ceramic,268.0,0.0,24.0,5.0,1873.0,0.22,0.609
HAP,,water,Ceramic,,1.0,48.0,2.0,1773.0,0.15,0.5331
Al2O3,,camphene,Ceramic,291.0,0.0,24.0,4.0,1873.0,0.3,0.41
TiO2,,water,Ceramic,,10.0,72.0,3.0,1573.0,0.1,0.87
Al2O3,Mullite,water,Ceramic,,0.0,48.0,2.0,873.0,0.47,0.73
BaTiO3,,water,Ceramic,,0.0,,2.0,1773.0,0.45,0.22
HAP,TCP,camphene,Ceramic,,0.0,,3.0,1573.0,0.22,0.25
HAP,,water,Ceramic,243.0,,,1.0,1473.0,0.3,0.56
SiC,,water,Ceramic,,0.0,5.0,1.0,873.0,0.12,0.78
Al2O3,,camphene,Ceramic,248.0,0.0,,2.0,2073.0,0.2,0.8
Al2O3,YSZ,water,Ceramic,253.0,0.0,48.0,30.0,773.0,0.3,0.53
HAP,MgO,TBA,Ceramic,,0.0,,1.0,1673.0,0.05,0.845
Al2O3,,water,Ceramic,218.0,0.0,36.0,2.0,873.0,0.235,0.683
Cordierite,,water,Ceramic,223.0,0.0,24.0,2.0,1473.0,0.1,0.86
HAP,,water,Ceramic,253.0,0.0,,3.0,1623.0,0.2,0.48
HAP,BaTiO3,water,Ceramic,,5.0,24.0,,873.0,0.4,0.4
YSZ,,camphene,Ceramic,,0.0,24.0,2.0,1823.0,0.1,0.82
SiO2,kaolinite,water,Ceramic,238.0,0.0,,72.0,1523.0,0.24,0.55
Al2O3,,water,Ceramic,,1.0,24.0,2.0,1823.0,0.35,0.354
Al2O3,,TBA,Ceramic,,0.0,24.0,1.0,1493.0,0.2,0.65
Al2O3,,water,Ceramic,223.0,0.0,24.0,,1673.0,0.333,0.494
Al2O3,,water,Ceramic,238.0,0.0,,5.0,1923.0,0.5,0.25
SiO2,,water,Ceramic,253.0,0.0,24.0,2.0,873.0,0.3297,0.5
Al2O3,ZrO2,TBA,Ceramic,77.0,0.0,,,1673.0,0.25,0.316
Y2O3,SiO2,TBA,Ceramic,,0.0,12.0,1.0,973.0,0.0475,0.63
HAP,,water,Ceramic,,10.0,,4.0,1573.0,0.25,0.56
LSM,YSZ,water,Ceramic,,21.0,12.0,1.0,873.0,0.17,0.65
LSM,YSZ,water,Ceramic,,5.0,12.0,1.0,873.0,0.23,0.596
Al2O3,TiO2,camphene,Ceramic,77.0,0.0,72.0,2.0,1773.0,0.25,0.27
Si3N4,Y2O3,water,Ceramic,75.0,0.0,,3.0,873.0,0.2252,0.15
YSZ,,water,Ceramic,255.0,0.0,24.0,2.0,873.0,0.3297,0.56
SiC,,water,Ceramic,,0.0,5.0,1.0,873.0,0.12,0.67
Mullite,,camphene,Ceramic,77.0,0.0,,,873.0,0.21,0.604
YSZ,,water,Ceramic,255.0,0.0,24.0,2.0,873.0,0.3297,0.5
kaolinite,Al2O3,water,Ceramic,203.0,0.0,24.0,2.0,1773.0,0.05,0.91
SiO2,,TBA,Ceramic,,0.0,12.0,1.0,873.0,0.1,0.663
Al2O3,,camphene,Ceramic,270.0,0.0,24.0,3.0,1723.0,0.1,0.83
HAP,,water,Ceramic,,5.0,,2.0,1563.0,0.15,0.78
Mullite,,TBA,Ceramic,213.0,0.0,12.0,2.0,1823.0,0.35,0.6
BaTiO3,,water,Ceramic,,0.0,,2.0,1773.0,0.3,0.37
Al2O3,YSZ,water,Ceramic,253.0,0.0,48.0,30.0,773.0,0.3,0.5
TiO2,,camphene,Ceramic,,0.0,,,,0.03,0.95
YSZ,,water,Ceramic,255.0,0.0,24.0,2.0,873.0,0.3297,0.54
Al2O3,,water,Ceramic,238.0,0.0,,5.0,1923.0,0.6,0.02
Zeo,,water,Ceramic,123.0,0.0,48.0,1.0,2073.0,0.1567,0.7566
PVA,collagen,water,Ceramic/Polymer,233.0,0.0,5.0,,,0.07,0.9
YSZ,,TBA,Ceramic,,0.0,,2.0,1873.0,0.15,0.564
CuO,,water,Metal,253.0,0.0,,2.0,1573.0,0.25,0.443
HAP,PMMA,water,Ceramic,255.0,0.0,8.0,2.0,873.0,0.2406,0.7374
HAP,,TBA,Ceramic,,0.0,,1.0,1673.0,0.05,0.9
Si3N4,Y2O3,water,Ceramic,75.0,0.0,,3.0,873.0,0.2252,0.35
Fe2O3,,water,Metal,258.0,,48.0,2.0,573.0,0.105,0.777
HAP,,water,Ceramic,253.0,0.0,,3.0,1623.0,0.2,0.518
Si3N4,Al2O3,TBA,Ceramic,,0.0,24.0,3.0,473.0,0.1623,0.65
Al2O3,,camphene,Ceramic,291.0,0.0,24.0,4.0,1873.0,0.4,0.22
Al2O3,,water,Ceramic,,0.0,96.0,4.0,723.0,0.25,0.72
WO3,,water,Metal,248.0,0.0,,,1023.0,0.3,0.435
Mullite,,camphene,Ceramic,,0.0,24.0,1.0,773.0,0.2293,0.52
HAP,,water,Ceramic,243.0,0.0,0.0,3.0,1623.0,0.2,0.45
Al2O3,,water,Ceramic,,0.0,36.0,3.0,1123.0,0.15,0.8
HAP,SiO2,water,Ceramic,,1.0,,24.0,873.0,0.15,0.82
PZT,,TBA,Ceramic,195.0,0.0,0.0,2.0,1723.0,0.15,0.7
AlN,AlN,water,Ceramic,233.0,0.0,,2.0,873.0,0.51,0.03
Al2O3,,Glycerine Ether,Ceramic,253.0,0.0,,3.0,1773.0,0.4,0.41
Al2O3,,TBA,Ceramic,,0.0,72.0,2.0,873.0,0.25,0.3
Al2O3,YSZ,water,Ceramic,253.0,0.0,48.0,30.0,773.0,0.3,0.52
Al2O3,chitosan,acetic acid,Ceramic,,1.0,,,,0.27,0.91
fireclay,,water,Ceramic,,0.0,24.0,1.0,873.0,0.2,0.7311
SiO2,Mullite,water,Ceramic,223.0,0.0,12.0,3.0,1673.0,0.04,0.7
Mullite,,TBA,Ceramic,,0.0,0.0,1.0,873.0,0.3488,0.68
Bioglass,,water,Ceramic,253.0,0.0,,,773.0,0.15,0.55
YSZ,,TBA,Ceramic,,0.0,12.0,1.0,873.0,0.06,0.43
ZrB2,SiC,water,Ceramic,233.0,0.0,0.0,0.5,723.0,0.76,0.482
Al2O3,ZrO2,TBA,Ceramic,77.0,0.0,,,1773.0,0.15,0.5
HAP,,water,Ceramic/Polymer,263.0,0.0,,2.0,1773.0,0.2,0.56
HAP,(Ca10(PO4)6(OH)2),TBA,Ceramic,,0.0,0.0,1.0,963.0,0.1,0.72
chitosan,HAP,water,Polymer,,0.0,0.0,,,0.09,0.458
SiO2,Al2O3,water,Ceramic,,0.0,,1.0,873.0,0.38,0.85
Mullite,,TBA,Ceramic,,0.0,0.0,1.0,873.0,0.3488,0.72
Al2O3,,water,Ceramic,,0.0,96.0,4.0,723.0,0.15,0.78
PZT,,TBA,Ceramic,,0.0,0.0,2.0,1723.0,0.25,0.58
Al2O3,,water,Ceramic,238.0,0.0,,5.0,1923.0,0.55,0.14
WO3,,water,Metal,258.0,0.0,,,1023.0,0.3,0.328
YSZ,,TBA,Ceramic,243.0,,,1.0,1723.0,0.15,0.77
ZrB2,,water,Ceramic,233.0,0.0,0.0,0.5,723.0,0.11,0.489
PZT,,TBA,Ceramic,243.0,0.0,48.0,2.0,1723.0,0.2,0.62
chitosan,TCP,water,Ceramic/Polymer,253.0,0.0,6.0,,,0.1468,0.75
Al2O3,,water,Ceramic,,0.0,24.0,,1673.0,0.45,0.4
HAP,,TBA,Ceramic,,0.0,0.0,1.0,963.0,0.1,0.75
Si3N4,Y2O3,water,Ceramic,203.0,0.0,48.0,2.0,873.0,0.2,0.66
Si3N4,Y2O3,water,Ceramic,193.0,0.0,24.0,,2123.0,0.3,0.493
SiO2,,water,Ceramic,193.0,0.0,12.0,2.0,1523.0,0.05,0.94
HAP,,camphene,Ceramic,,0.0,0.0,3.0,1573.0,0.3,0.48
gelatin,,water,Polymer,,6.0,72.0,,,0.0038,0.948
HAP,,camphene,Ceramic,,0.0,0.0,3.0,1573.0,0.36,0.38
TiO2,,water,Ceramic,,10.0,72.0,3.0,1273.0,0.1,0.832
HAP,,water,Ceramic,,0.0,,,1573.0,0.37,0.42
TCP,,water,Ceramic,,0.0,60.0,,723.0,0.2,0.68
CaSiO3,PCS,water,Ceramic,243.0,0.0,,3.0,1623.0,0.15,0.79
Al2O3,CuO,water,Ceramic,253.0,0.0,48.0,1.0,873.0,0.3,0.44
HAP,,water,Ceramic,255.0,0.0,24.0,2.0,873.0,0.4251,0.204
Al2O3,,camphene,Ceramic,291.0,0.0,0.0,4.0,1873.0,0.454,0.1
TCP,,water,Ceramic,,0.0,0.0,1.0,873.0,0.24,0.54
HAP,,water,Ceramic,,11.0,,2.0,1563.0,0.15,0.6
WO3,,water,Metal,248.0,0.0,,,1023.0,0.225,0.517
YSZ,,water,Metal/Ceramic,,1.0,48.0,,873.0,0.36,0.184
Al2O3,,water,Ceramic,203.0,0.0,,2.0,823.0,0.25,0.78
Mullite,,TBA,Ceramic,173.0,0.0,12.0,2.0,1823.0,0.35,0.6
SiC,,water,Ceramic,,0.0,,,,0.47,0.044
chitosan,,water,Polymer,,1.0,48.0,,,0.03,0.966
HAP,TCP,water,Ceramic,77.0,0.0,24.0,4.0,1373.0,0.0734,0.75
HAP,,water,Ceramic,,2.0,,2.0,1563.0,0.15,0.78
SiO2,,water,Ceramic,193.0,0.0,12.0,2.0,1573.0,0.05,0.94
Al2O3,SiC,water,Ceramic,77.0,0.0,0.0,1.0,873.0,0.55,0.075
HAP,,water,Ceramic,255.0,0.0,8.0,,823.0,0.2406,0.4919
Al2O3,,camphene,Ceramic,253.0,0.0,24.0,1.0,873.0,0.2,0.675
Al2O3,,TBA,Ceramic,,0.0,72.0,2.0,873.0,0.3,0.2
SiO2,,TBA,Ceramic,,0.0,12.0,1.0,873.0,0.13,0.65
Al2O3,,water,Ceramic,238.0,0.0,,5.0,1923.0,0.525,0.2
HAP,BaTiO3,water,Ceramic,,5.0,24.0,,873.0,0.3,0.5
chitosan,TCP,water,Ceramic/Polymer,253.0,0.0,6.0,,,0.1468,0.78
PZT,,TBA,Ceramic,,0.0,0.0,2.0,1723.0,0.2,0.7
HAP,Al2O3,water,Ceramic,,1.0,,24.0,873.0,0.15,0.7916
YSZ,,camphene,Ceramic,,0.0,,1.0,973.0,0.15,0.77
Bioglass,,water,Ceramic,,0.0,24.0,1.5,2073.0,0.07,0.8275
Ti,,camphene,Metal,,,,2.0,1523.0,0.25,0.52
WO3,,water,Metal,243.0,0.0,,,1023.0,0.3,0.353
Al2O3,,water,Ceramic,,0.0,24.0,2.5,1823.0,0.4,0.3
Al2O3,SiO2,TBA,Ceramic,273.0,0.0,,,1773.0,0.1,0.635
HAP,,water,Ceramic,,0.5,,4.0,1573.0,0.25,0.6
Al2O3,ZrO2,TBA,Ceramic,77.0,0.0,,,1673.0,0.2,0.409
Al2O3,chitosan,acetic acid,Ceramic,,1.0,,,,0.27,0.91
Al2O3,,water,Ceramic,193.0,5.0,72.0,0.5,2323.0,0.4,0.32
ZrB2,SiC,camphene,Ceramic,233.0,0.0,0.0,1.0,873.0,0.48,0.37
YSZ,,water,Ceramic,255.0,0.0,24.0,2.0,873.0,0.3297,0.57
chitosan,HAP,water,Polymer,,0.0,0.0,,,0.09,0.517
Si3N4,Y2O3,water,Ceramic,75.0,0.0,,3.0,873.0,0.2252,0.55
Al2O3,,camphene,Ceramic,291.0,0.0,0.0,4.0,1873.0,0.508,0.4
YSZ,,water,Metal/Ceramic,,1.0,48.0,3.0,1173.0,0.2,0.642
PZT,,TBA,Ceramic,233.0,0.0,0.0,2.0,1723.0,0.3,0.49
SiC,Al2O3,water,Ceramic,263.0,0.0,24.0,2.0,673.0,0.3,0.66
SiO2,kaolinite,water,Ceramic,238.0,2.0,0.0,2.0,573.0,0.1628,0.79
HAP,SiO2,water,Ceramic,,1.0,,24.0,873.0,0.15,0.7952
gelatin,,water,Polymer,,1.0,72.0,,,0.0024,0.965
HAP,,water,Ceramic,,0.0,0.0,1.0,873.0,0.16,0.4366
Al2O3,,water,Metal/Ceramic,,1.0,48.0,2.0,1273.0,0.321,0.135
HAP,PMMA,water,Ceramic,253.0,0.0,24.0,2.0,823.0,0.2406,0.6213
HAP,MgO,TBA,Ceramic,,0.0,,1.0,1673.0,0.05,0.89
Al2O3,,water,Metal/Ceramic,,1.0,48.0,2.0,1273.0,0.321,0.115
HAP,,water,Ceramic,253.0,0.0,,3.0,1623.0,0.1,0.68
Si3N4,Y2O3,water,Ceramic,203.0,0.0,48.0,2.0,873.0,0.25,0.62
HAP,,water,Ceramic,,8.0,,2.0,873.0,0.15,0.6
HAP,TCP,water,Ceramic,243.0,0.0,168.0,,,0.1091,0.46
polysiloxane,,TBA,Polymer,238.0,,48.0,4.0,1373.0,0.05,0.948
Y2O3,SiO2,TBA,Ceramic,,0.0,12.0,1.0,1053.0,0.1664,0.48
Al2O3,,camphene,Ceramic,270.0,0.0,24.0,3.0,1723.0,0.1,0.83
Al2O3,,water,Ceramic,,0.0,96.0,4.0,723.0,0.25,0.66
Al2O3,ZrO2,TBA,Ceramic,77.0,0.0,,,1773.0,0.2,0.384
Al2O3,,camphene,Ceramic,253.0,,,12.0,316.0,0.2,0.72
Ti,,water,Metal,268.0,0.0,0.0,,1273.0,0.22,0.513
Yb2SiO5,,TBA,Ceramic,,0.0,0.0,2.0,873.0,0.15,0.8215
PZT,,camphene,Ceramic,293.0,0.0,48.0,2.0,1573.0,0.1,0.82
Si3N4,Y2O3,water,Ceramic,193.0,0.0,24.0,2.0,1973.0,0.2,0.662
LSM,YSZ,water,Ceramic,,1.0,12.0,1.0,873.0,0.23,0.596
Cordierite,,water,Ceramic,223.0,0.0,24.0,2.0,1473.0,0.5,0.88
chitin,,water,Polymer,253.0,0.0,,,,0.35,0.996
Al2O3,,water,Ceramic,,10.0,48.0,,,0.27,0.902
SiO2,kaolinite,water,Ceramic,238.0,2.0,0.0,2.0,573.0,0.1628,0.78
WO3,,water,Metal,253.0,0.0,,,1023.0,0.3,0.32
HAP,,water,Ceramic/Polymer,263.0,0.0,,2.0,1773.0,0.25,0.48
Mullite,,TBA,Ceramic,173.0,0.0,12.0,2.0,1823.0,0.35,0.595
TCP,,water,Ceramic,,0.0,60.0,,723.0,0.1,0.82
HAP,(Ca10(PO4)6(OH)2),TBA,Ceramic,,0.0,0.0,1.0,963.0,0.1,0.75
Al2O3,ZrO2,TBA,Ceramic,77.0,0.0,,,1673.0,0.25,0.331
WO3,,water,Metal,253.0,0.0,,,1023.0,0.225,0.655
HAP,,camphene,Ceramic,,0.0,20.0,1.0,1493.0,0.1,0.7
Al2O3,chitosan,acetic acid,Ceramic,,10.0,,,,0.27,0.909
TiH2,,camphene,Metal,306.0,0.0,,2.0,873.0,0.25,0.49
HAP,TCP,water,Ceramic,243.0,0.0,168.0,,,0.1091,0.44
Mullite,,TBA,Ceramic,173.0,0.0,12.0,2.0,1823.0,0.25,0.72
YSZ,,water,Metal/Ceramic,,1.0,48.0,,773.0,0.36,0.248
YSZ,,water,Metal/Ceramic,,1.0,48.0,,873.0,0.36,0.242
theophylline,starch,water,Pharmaceutical,235.5,0.0,24.0,,,0.37,0.5
PU,,dioxane,Polymer,77.0,0.0,24.0,,,0.09,0.84
HAP,SiO2,water,Ceramic,,1.0,,24.0,873.0,0.15,0.7371
Mullite,,TBA,Ceramic,,0.0,0.0,2.0,1773.0,0.0659,0.85
Al2O3,,camphene,Ceramic,77.0,0.0,72.0,1.0,1773.0,0.25,0.58
ZTA,,water,Ceramic,248.0,1.5,12.0,2.0,1873.0,0.175,0.555
Bioglass,,camphene,Ceramic,,0.0,,1.0,1773.0,0.1,0.5
Al2O3,,water,Ceramic,253.0,0.0,24.0,5.0,1873.0,0.23,0.639
HAP,,water,Ceramic,255.0,0.0,8.0,,823.0,0.2406,0.601
polysiloxane,,TBA,Polymer,238.0,,48.0,4.0,1373.0,0.2,0.752
Bioglass,,camphene,Ceramic,,0.0,,1.0,1773.0,0.1,0.5
YSZ,,TBA,Ceramic,,0.0,12.0,1.0,873.0,0.03,0.67
kaolinite,,water,Ceramic,77.0,0.0,12.0,,,0.1,0.904
HAP,MgO,TBA,Ceramic,,0.0,,1.0,1673.0,0.1,0.75
HAP,BT,water,Ceramic,,0.0,36.0,3.0,1373.0,0.4,0.38
Al2O3,chitosan,acetic acid,Ceramic,,1.0,,,,0.27,0.91
HAP,,water,Ceramic,,1.0,48.0,4.0,1573.0,0.2,0.751
HAP,,water,Ceramic,,0.0,,2.0,1623.0,0.25,0.78
Mullite,,TBA,Ceramic,,0.0,12.0,2.0,1973.0,0.25,0.59
HAP,,water,Ceramic,253.0,0.0,,3.0,1623.0,0.2,0.55
Al2O3,,water,Metal/Ceramic,,1.0,48.0,2.0,1873.0,0.315,0.099
Al2O3,,water,Ceramic,,0.0,96.0,4.0,723.0,0.35,0.62
Mullite,,camphene,Ceramic,,0.0,24.0,1.0,773.0,0.1131,0.8
Al2O3,,water,Ceramic,,0.0,96.0,4.0,723.0,0.25,0.64
HAP,MgO,TBA,Ceramic,,0.0,,1.0,1673.0,0.05,0.855
Si3N4,Y2O3,water,Ceramic,75.0,0.0,,3.0,873.0,0.2252,0.35
HAP,SiO2,water,Ceramic,,1.0,,24.0,873.0,0.15,0.8612
Al2O3,,water,Ceramic,263.0,0.0,24.0,5.0,1873.0,0.23,0.639
YSZ,,water,Ceramic,255.0,0.0,24.0,2.0,873.0,0.3297,0.5
Merwinite,,water,Ceramic,238.15,1.0,72.0,1.0,873.0,0.1,0.4941
Al2O3,,water,Ceramic,,0.0,96.0,4.0,723.0,0.15,0.79
Si3N4,,water,Ceramic,,0.0,,2.0,873.0,0.2,0.726
TiO2,,water,Ceramic,,0.0,24.0,2.0,1573.0,0.4829,0.16
YSZ,,TBA,Ceramic,77.0,0.0,0.0,,873.0,0.15,0.728
PLLA,,DMSO,Polymer,223.0,,,,,0.08,0.869
Al2O3,,camphene,Ceramic,293.0,0.0,,,1673.0,0.1,0.8
CaSiO3,PCS,water,Ceramic,243.0,0.0,,3.0,1623.0,0.15,0.83
Mullite,,camphene,Ceramic,77.0,0.0,,,873.0,0.21,0.33
Al2O3,,water,Ceramic,193.0,10.0,72.0,0.5,2323.0,0.4,0.32
HAP,SiO2,water,Ceramic,,1.0,,24.0,873.0,0.15,0.8582
Al2O3,,water,Ceramic,193.0,1.0,72.0,0.5,893.0,0.3,0.52
YSZ,,TBA,Ceramic,,0.0,12.0,1.0,873.0,0.08,0.47
HAP,Al2O3,water,Ceramic,,4.0,,24.0,873.0,0.15,0.7838
Bioglass,,camphene,Ceramic,,0.0,,1.0,1773.0,0.1,0.5
PZT,,camphene,Ceramic,293.0,0.0,48.0,2.0,1573.0,0.2,0.6
TiO2,,water,Ceramic,,0.0,24.0,2.0,1573.0,0.1347,0.68
YSZ,,water,Ceramic,,0.0,24.0,,773.0,0.11,0.7
gelatin,,water,Polymer,,1.0,72.0,,,0.0038,0.948
TCP,,water,Ceramic,,0.0,60.0,,723.0,0.2,0.68
HAP,SiO2,water,Ceramic,,1.0,,24.0,873.0,0.15,0.797
YSZ,,water,Ceramic,,0.0,,0.5,773.0,0.3,0.69
Al2O3,,water,Ceramic,,0.0,96.0,4.0,723.0,0.35,0.54
Al2O3,,water,Ceramic,,1.0,48.0,,,0.27,0.915
HAP,(Ca10(PO4)6(OH)2),TBA,Ceramic,,0.0,0.0,1.0,963.0,0.1,0.6
Ag,,water,Metal,77.0,0.0,48.0,,,0.0001,0.959
HAP,,water,Ceramic,,0.0,,2.0,1623.0,0.25,0.88
PZT,,TBA,Ceramic,243.0,0.0,48.0,2.0,1673.0,0.25,0.55
Al2O3,,water,Ceramic,,0.0,,0.5,873.0,0.37,0.5454
HAP,,water,Ceramic,,5.0,48.0,4.0,1573.0,0.2,0.707
CaSiO3,PCS,water,Ceramic,243.0,0.0,,3.0,1623.0,0.2,0.75
Al2O3,SiC,water,Ceramic,77.0,0.0,0.0,1.0,873.0,0.55,0.055
WO3,,water,Metal,258.0,0.0,,,1023.0,0.2,0.645
YSZ,,TBA,Ceramic,,0.0,,,,0.5,0.89
TiO2,,water,Ceramic,,10.0,72.0,3.0,1623.0,0.1,0.78
Ca3ZrSi2O9,,water,Ceramic,,1.0,,1.0,873.0,0.2,0.5844
Al2O3,,water,Ceramic,,0.0,24.0,2.5,1823.0,0.4,0.25
Al2O3,,water,Ceramic,,6.0,,2.0,1523.0,0.2,0.661
Y2O3,SiO2,TBA,Ceramic,,0.0,12.0,1.0,1053.0,0.0788,0.55
PVA,,water,Polymer,77.0,0.0,,,,0.0657,0.82
TiO2,,water,Ceramic,,0.0,24.0,2.0,1573.0,0.1893,0.6
gelatin,,water,Polymer,,3.0,72.0,,,0.0075,0.99
HAP,,water,Ceramic,253.0,0.0,,3.0,1623.0,0.05,0.85
Al2O3,,water,Ceramic,,0.0,96.0,4.0,723.0,0.25,0.73
HAP,,water,Ceramic,,1.0,48.0,4.0,1573.0,0.2,0.732
Al2O3,ZrO2,water,Ceramic,,0.0,24.0,,773.0,0.5,0.19
Al2O3,chitosan,acetic acid,Ceramic,,10.0,,,,0.27,0.91
HAP,,water,Ceramic,,0.0,24.0,3.0,1523.0,0.2,0.8
Mullite,,TBA,Ceramic,,0.0,0.0,1.0,873.0,0.45,0.67
HAP,MgO,TBA,Ceramic,,0.0,,1.0,1673.0,0.1,0.68
HAP,SiO2,water,Ceramic,,1.0,,24.0,873.0,0.15,0.3127
HAP,,water,Ceramic,,8.0,,2.0,1273.0,0.15,0.82
HAP,,water,Ceramic,253.0,0.0,,3.0,1648.0,0.1,0.68
HAP,,water,Ceramic,,0.0,,2.0,1623.0,0.25,0.83
HAP,,water,Ceramic,,8.0,,2.0,873.0,0.15,0.66
YSZ,,camphene,Ceramic,,0.0,,1.0,973.0,0.15,0.84
PLLA,,DMSO,Polymer,77.0,,,,,0.08,0.873
Al2O3,,water,Ceramic,,0.0,96.0,4.0,723.0,0.15,0.8
HAP,MgO,TBA,Ceramic,,0.0,,1.0,1673.0,0.1,0.74
Al2O3,,water,Ceramic,223.0,0.0,24.0,,1823.0,0.4,0.458
Al2O3,,water,Ceramic,,0.0,96.0,4.0,723.0,0.15,0.8
SiO2,,TBA,Ceramic,,0.0,12.0,1.0,873.0,0.1,0.68
HAP,MgO,TBA,Ceramic,,0.0,,1.0,1673.0,0.15,0.6
Al2O3,,water,Ceramic,253.0,0.0,24.0,5.0,1873.0,0.23,0.639
PZT,,TBA,Ceramic,243.0,0.0,48.0,2.0,1723.0,0.25,0.55
HAP,MgO,TBA,Ceramic,,0.0,,1.0,1673.0,0.075,0.78
Yb2SiO5,,water,Ceramic,77.0,0.0,48.0,2.0,873.0,0.2,0.804
YSZ,,water,Metal/Ceramic,,1.0,48.0,3.0,1173.0,0.357,0.054
HAP,,water,Ceramic,253.0,0.0,,3.0,1623.0,0.2,0.46
TiO2,,water,Ceramic,,10.0,72.0,3.0,1273.0,0.1,0.837
Si,,water,Ceramic,,0.0,24.0,16.5,1673.0,0.2,0.7
Al2O3,,water,Metal/Ceramic,,1.0,48.0,2.0,1273.0,0.345,0.087
Yb2SiO5,,water,Ceramic,77.0,0.0,48.0,2.0,823.0,0.2,0.777
LSM,YSZ,water,Ceramic,,5.0,12.0,1.0,873.0,0.27,0.519
ZTA,,water,Ceramic,261.0,1.5,12.0,2.0,1873.0,0.175,0.65
YSZ,,camphene,Ceramic,,0.0,,1.0,973.0,0.15,0.73
HAP,MgO,TBA,Ceramic,,0.0,,1.0,1673.0,0.1,0.73
YSZ,,camphene,Ceramic,288.0,0.0,24.0,1.0,973.0,0.15,0.74
HAP,MgO,TBA,Ceramic,,0.0,,1.0,1673.0,0.075,0.83
Al2O3,Al2O3,water,Ceramic,,10.0,48.0,,,0.27,0.909
HAP,SiO2,water,Ceramic,,4.0,,24.0,873.0,0.15,0.8646
PZT,,TBA,Ceramic,,0.0,0.0,2.0,1723.0,0.2,0.58
HAP,,water,Ceramic/Polymer,263.0,0.0,,2.0,1773.0,0.3,0.43
PZT,,TBA,Ceramic,,0.0,0.0,2.0,1573.0,0.15,0.453
chitin,,water,Polymer,77.0,0.0,24.0,,,0.0053,0.986
Al2O3,,camphene,Ceramic,291.0,0.0,0.0,4.0,1873.0,0.508,0.52
Cordierite,,water,Ceramic,223.0,0.0,24.0,2.0,1473.0,0.5,0.93
HAP,,water,Ceramic,,8.0,72.0,2.0,1073.0,0.15,0.78
HAP,MgO,TBA,Ceramic,,0.0,,1.0,1673.0,0.05,0.88
HAP,,TBA,Ceramic,,0.0,,1.0,873.0,0.0734,0.67
HAP,,water,Ceramic/Polymer,,5.0,,3.0,1625.0,0.35,0.6
HAP,,water,Ceramic,,0.0,,,,0.25,0.668
Al2O3,,water,Metal/Ceramic,,1.0,48.0,2.0,1273.0,0.315,0.122
HAP,,water,Ceramic,,1.0,48.0,2.0,1773.0,0.15,0.7347
polysiloxane,,cyclohexane,Polymer,238.0,,48.0,4.0,1373.0,0.05,0.914
Y2O3,SiO2,TBA,Ceramic,,0.0,12.0,1.0,1023.0,0.0788,0.72
HAP,,water,Ceramic,,0.5,,4.0,1623.0,0.25,0.56
HAP,,water,Ceramic,253.0,0.0,,3.0,1623.0,0.2,0.528
Al2O3,,water,Ceramic,,0.0,,2.0,2073.0,0.2,0.573
Al2O3,,water,Ceramic,,0.0,96.0,4.0,723.0,0.15,0.82
HAP,,water,Ceramic,253.0,0.0,,3.0,1623.0,0.1,0.65
HAP,MgO,TBA,Ceramic,,0.0,,1.0,1673.0,0.15,0.58
Mullite,,water,Ceramic,253.0,0.0,,4.0,1773.0,0.0402,0.92
Al2O3,,water,Metal/Ceramic,,1.0,48.0,2.0,1273.0,0.336,0.111
Bioglass,,camphene,Ceramic,,7.0,,1.0,2073.0,0.1,0.5
Al2O3,,water,Ceramic,,0.0,96.0,4.0,723.0,0.15,0.82
HAP,,TBA,Ceramic,,0.0,,1.0,873.0,0.1744,0.57
HAP,,water,Ceramic,,0.0,,4.0,1373.0,0.1744,0.15
Al2O3,ZrO2,TBA,Ceramic,77.0,0.0,,,1773.0,0.25,0.294
PZT,,TBA,Ceramic,173.0,0.0,0.0,2.0,1723.0,0.3,0.48
Al2O3,,naphthalene,Ceramic,291.0,0.0,60.0,4.0,1873.0,0.48,0.01
TCP,,water,Ceramic,,0.0,48.0,,673.0,0.2,0.67
HAP,,water,Ceramic,,0.0,24.0,3.0,873.0,0.2,0.81
Ag,,water,Metal,77.0,0.0,48.0,,,0.001,0.959
Al2O3,CuO,water,Ceramic,253.0,0.0,48.0,1.0,873.0,0.3,0.61
Si4Al2O2N6,Al2O3,camphene,Ceramic,273.0,0.0,96.0,3.0,823.0,0.1,0.713
HAP,MgO,TBA,Ceramic,,0.0,,1.0,1673.0,0.1,0.7
SiO2,kaolinite,water,Ceramic,238.0,2.0,0.0,,,0.1628,0.82
HAP,,water,Ceramic,,0.0,24.0,3.0,1523.0,0.3,0.57
Si3N4,Y2O3,water,Ceramic,75.0,0.0,,3.0,873.0,0.2252,0.62
BaTiO3,,water,Ceramic,,0.0,,2.0,1723.0,0.175,0.65
Al2O3,,water,Ceramic,218.0,0.0,36.0,2.0,873.0,0.235,0.67
SiO2,,TBA,Ceramic,,0.0,12.0,1.0,873.0,0.13,0.27
Yb2SiO5,,water,Ceramic,77.0,0.0,48.0,2.0,873.0,0.2,0.797
Bioglass,,camphene,Ceramic,,0.0,,3.0,1523.0,0.2703,0.32
Al2O3,,camphene,Ceramic,248.0,0.0,,2.0,2073.0,0.2,0.79
Al2O3,,water,Ceramic,,0.0,96.0,4.0,723.0,0.25,0.75
HAP,BT,water,Ceramic,,0.0,36.0,3.0,1373.0,0.3,0.48
HAP,,water,Ceramic,253.0,0.0,,3.0,1623.0,0.1,0.67
Mullite,,TBA,Ceramic,173.0,0.0,12.0,2.0,1823.0,0.3,0.66
HAP,collagen,water,Ceramic/Polymer,,0.0,0.0,0.5,873.0,0.04,0.95
HAP,TCP,water,Ceramic,,0.0,0.0,2.0,1373.0,0.1091,0.6
HAP,MgO,TBA,Ceramic,,0.0,,1.0,1673.0,0.15,0.54
Bioglass,,water,Ceramic,,0.0,24.0,2.0,673.0,0.02,0.8395
Al2O3,,water,Ceramic,77.0,0.0,0.0,0.5,723.0,0.2,0.4035
HAP,,water,Ceramic,253.0,0.0,,3.0,1623.0,0.1,0.63
Si3N4,Al2O3,TBA,Ceramic,,0.0,24.0,3.0,473.0,0.1623,0.5
HAP,MgO,TBA,Ceramic,,0.0,,1.0,1673.0,0.075,0.8
HAP,,water,Ceramic,,10.0,48.0,4.0,1573.0,0.2,0.697
Cr2O3,,camphene,Ceramic,298.0,0.0,24.0,15.0,1373.0,0.15,0.85
Yb2SiO5,,water,Ceramic,77.0,0.0,48.0,2.0,873.0,0.25,0.712
Al2O3,ZrO2,TBA,Ceramic,77.0,0.0,,,1673.0,0.25,0.33
Al2O3,,water,Ceramic,,0.0,24.0,2.0,1873.0,0.1,0.69
YSZ,,camphene,Ceramic,,0.0,,1.0,973.0,0.15,0.744
Mullite,,TBA,Ceramic,233.0,0.0,12.0,2.0,1823.0,0.35,0.59
ZrO2,Y2O3,water,Ceramic,243.0,0.0,72.0,2.0,1823.0,0.1607,0.5679
YSZ,,TBA,Ceramic,77.0,0.0,0.0,0.5,723.0,0.15,0.74
chitosan,,water,Polymer,,4.0,48.0,,,0.0125,0.9819
HAP,MgO,TBA,Ceramic,,0.0,,1.0,1673.0,0.075,0.855
YSZ,,water,Ceramic,255.0,0.0,24.0,2.0,873.0,0.3297,0.5
Al2O3,CuO,water,Ceramic,253.0,0.0,48.0,1.0,873.0,0.3,0.5
Mullite,,TBA,Ceramic,,0.0,0.0,1.0,873.0,0.26,0.775
PZT,,TBA,Ceramic,243.0,0.0,48.0,2.0,1723.0,0.35,0.42
Al2O3,,camphene,Ceramic,248.0,0.0,,2.0,2223.0,0.2,0.72
SiO2,,water,Ceramic,193.0,0.0,12.0,2.0,1573.0,0.01,0.98
Si3N4,Al2O3,TBA,Ceramic,,0.0,24.0,3.0,473.0,0.0678,0.78
Cordierite,,water,Ceramic,223.0,0.0,24.0,2.0,1473.0,0.1,0.78
Mullite,,camphene,Ceramic,,0.0,24.0,1.0,773.0,0.1131,0.52
Al2O3,YSZ,water,Ceramic,253.0,0.0,48.0,30.0,773.0,0.3,0.62
SiO2,,water,Ceramic,193.0,0.0,12.0,2.0,873.0,0.1,0.89
YSZ,,TBA,Ceramic,,0.0,12.0,1.0,873.0,0.05,0.65
HAP,,water,Ceramic,,8.0,,2.0,873.0,0.15,0.78
Al2O3,,water,Ceramic,,0.0,24.0,2.0,8873.0,0.2,0.55
Bioglass,,water,Ceramic,253.0,0.0,,,773.0,0.2,0.4
Al2O3,,water,Ceramic,,0.0,96.0,4.0,723.0,0.25,0.63
HAP,,water,Ceramic,,8.0,,2.0,1073.0,0.15,0.82
Al2O3,,naphthalene,Ceramic,291.0,0.0,60.0,4.0,1873.0,0.3,0.4
YSZ,,water,Ceramic,,0.0,,0.5,773.0,0.3,0.685
HAP,,water,Ceramic,255.0,0.0,,3.0,873.0,0.23,0.4665
HAP,,water,Ceramic,253.0,0.0,,3.0,1623.0,0.2,0.515
chitosan,HAP,water,Polymer,77.0,0.0,0.0,,,0.09,0.621
HAP,BT,water,Ceramic,,0.0,36.0,3.0,1373.0,0.1,0.65
YSZ,,TBA,Ceramic,,,,1.0,1773.0,0.15,0.56
WO3,,water,Metal,253.0,0.0,,,1023.0,0.2,0.5
Mullite,,camphene,Ceramic,77.0,0.0,,,873.0,0.21,0.525
Bioglass,,water,Ceramic,,0.0,24.0,2.0,673.0,0.16,0.6556
YSZ,,water,Ceramic,255.0,0.0,24.0,2.0,873.0,0.3297,0.5
gelatin,,water,Polymer,,3.0,72.0,,,0.0038,0.948
Al2O3,ZrO2,TBA,Ceramic,77.0,0.0,,,1773.0,0.25,0.29
Al2O3,CuO,water,Ceramic,253.0,0.0,48.0,1.0,873.0,0.3,0.56
HAP,,water,Ceramic,,0.0,,2.0,1673.0,0.25,0.76
Al2O3,,water,Ceramic,238.0,0.0,,5.0,1923.0,0.525,0.22
HAP,BT,water,Ceramic,173.0,10.0,24.0,3.0,873.0,0.2,0.5
Al2O3,,water,Ceramic,233.0,0.0,,2.0,1573.0,0.1,0.86
Al2O3,,water,Ceramic,,0.0,24.0,,1773.0,0.4,0.379
SiO2,,TBA,Ceramic,,0.0,12.0,1.0,873.0,0.16,0.623
YSZ,,TBA,Ceramic,,0.0,,2.0,1823.0,0.15,0.78
Al2O3,ZrO2,TBA,Ceramic,77.0,0.0,,,1673.0,0.15,0.494
SiO2,,TBA,Ceramic,,0.0,12.0,1.0,873.0,0.16,0.64
Al2O3,,Glycerine Ether,Ceramic,253.0,0.0,,3.0,1773.0,0.33,0.44
Al2O3,,water,Ceramic,193.0,1.0,72.0,0.5,2323.0,0.4,0.32
Al2O3,CuO,water,Ceramic,253.0,0.0,48.0,1.0,873.0,0.3,0.55
polysiloxane,,TBA,Polymer,238.0,,48.0,4.0,1373.0,0.4,0.637
Al2O3,Mullite,water,Ceramic,,0.0,0.0,5.0,1873.0,0.425,0.655
Al2O3,,water,Ceramic,,0.0,36.0,3.0,1123.0,0.2,0.67
Al2O3,,water,Metal/Ceramic,233.0,1.0,48.0,1.0,1873.0,0.315,0.111
Al2O3,,water,Ceramic,,0.0,,2.0,1563.0,0.3,0.78
YSZ,,water,Ceramic,,25.0,48.0,5.0,773.0,0.27,0.515
YSZ,,TBA,Ceramic,77.0,0.0,0.0,0.5,723.0,0.15,0.75
TCP,,water,Ceramic,,0.0,48.0,,673.0,0.2,0.658
PZT,,TBA,Ceramic,,0.0,0.0,2.0,1623.0,0.1,0.51
HAP,BT,water,Ceramic,173.0,1.0,24.0,3.0,873.0,0.2,0.7
Al2O3,,water,Ceramic,83.0,0.0,24.0,3.0,1173.0,0.1,0.5
SiO2,,TBA,Ceramic,,0.0,12.0,1.0,873.0,0.07,0.72
HAP,(Ca10(PO4)6(OH)2),TBA,Ceramic,,0.0,0.0,1.0,963.0,0.1,0.69
Al2O3,,water,Ceramic,77.0,0.0,24.0,2.0,1873.0,0.35,0.41
Al2O3,,camphene,Ceramic,276.0,0.0,,4.0,523.0,0.2,0.65
Al2O3,,water,Ceramic,77.0,0.0,0.0,0.5,723.0,0.2,0.625
PZT,,TBA,Ceramic,,0.0,0.0,2.0,1623.0,0.15,0.331
Al2O3,TiO2,camphene,Ceramic,77.0,0.0,72.0,2.0,1773.0,0.25,0.47
Mullite,,TBA,Ceramic,173.0,0.0,12.0,2.0,1823.0,0.35,0.6
Mullite,,TBA,Ceramic,,0.0,0.0,1.0,873.0,0.3488,0.67
Mullite,,TBA,Ceramic,173.0,0.0,12.0,2.0,1823.0,0.35,0.6
Mullite,,TBA,Ceramic,,0.0,0.0,2.0,1773.0,0.1583,0.65
PVA,,water,Polymer,77.0,0.0,,,,0.0657,0.63
SiO2,,TBA,Ceramic,,0.0,12.0,1.0,873.0,0.19,0.64
Al2O3,,water,Ceramic,238.0,0.0,,5.0,1923.0,0.475,0.28
HAP,MgO,TBA,Ceramic,,,,1.0,1673.0,0.15,0.61
YSZ,,water,Ceramic,,2.0,48.0,5.0,773.0,0.2,0.717
Al2O3,,water,Ceramic,,0.0,96.0,4.0,723.0,0.15,0.8
YSZ,,water,Ceramic,255.0,0.0,24.0,2.0,873.0,0.3297,0.5
Al2O3,CuO,water,Ceramic,253.0,0.0,48.0,1.0,873.0,0.3,0.53
Mullite,,TBA,Ceramic,233.0,0.0,12.0,2.0,1973.0,0.4,0.55
HAP,,water,Ceramic,,0.0,24.0,3.0,1523.0,0.3,0.6
HAP,,water,Ceramic,,8.0,,2.0,973.0,0.15,0.76
TCP,,water,Ceramic,,0.0,60.0,,723.0,0.3,0.51
Al2O3,,water,Ceramic,223.0,0.0,24.0,,1673.0,0.333,0.465
Yb2SiO5,,TBA,Ceramic,,0.0,0.0,2.0,673.0,0.15,0.8565
Al2O3,,water,Ceramic,,0.0,96.0,4.0,723.0,0.15,0.79
Al2O3,,water,Ceramic,193.0,5.0,72.0,0.5,2323.0,0.4,0.32
Si3N4,Y2O3,water,Ceramic,75.0,0.0,,3.0,873.0,0.2252,0.2
Al2O3,YSZ,water,Ceramic,253.0,0.0,48.0,30.0,773.0,0.3,0.57
HAP,BT,water,Ceramic,173.0,5.0,24.0,3.0,873.0,0.4,0.4
PZT,,TBA,Ceramic,,0.0,0.0,2.0,1723.0,0.4,0.32
Al2O3,,water,Ceramic,77.0,0.0,24.0,2.0,1873.0,0.35,0.43
Al2O3,,water,Ceramic,,0.0,96.0,4.0,723.0,0.25,0.635
SiC,,water,Ceramic,203.0,,,1.0,2023.0,0.5,0.3261
SiO2,kaolinite,water,Ceramic,238.0,0.0,,2.0,673.0,0.18,0.66
Y2O3,SiO2,TBA,Ceramic,,0.0,12.0,1.0,1053.0,0.1174,0.645
Bioglass,,water,Ceramic,,0.0,24.0,1.5,2073.0,0.02,0.9021
TiO2,,water,Ceramic,,10.0,72.0,3.0,1273.0,0.1,0.831
HAP,,TBA,Ceramic,,0.0,,1.0,873.0,0.1744,0.419
YSZ,,TBA,Ceramic,,0.0,,2.0,1823.0,0.15,0.78
HAP,MgO,TBA,Ceramic,,0.0,,1.0,1673.0,0.05,0.9
Al2O3,,water,Ceramic,,0.0,,2.0,1563.0,0.3,0.71
HAP,MgO,TBA,Ceramic,,0.0,,1.0,1673.0,0.05,0.85
Fe2O3,,water,Metal,263.0,,48.0,2.0,573.0,0.141,0.59
Al2O3,,water,Ceramic,238.0,0.0,,5.0,1923.0,0.575,0.06
SiO2,,water,Ceramic,,0.0,,,,0.0195,0.5
chitin,,water,Polymer,,0.0,24.0,,,0.008,0.984
YSZ,,TBA,Ceramic,,0.0,,2.0,1773.0,0.1,0.759
YSZ,,water,Ceramic,,0.0,,,,0.3,0.755
PVA,,water,Polymer,77.0,0.0,,,,0.0657,0.72
stainless steel,,water,Ceramic,233.0,0.0,0.0,2.0,1773.0,0.36,0.38
Al2O3,YSZ,water,Ceramic,253.0,0.0,48.0,30.0,773.0,0.3,0.48
SiO2,,water,Ceramic,255.0,0.0,24.0,2.0,873.0,0.3297,0.5
HAP,,water,Ceramic,,5.0,48.0,4.0,1573.0,0.2,0.699
YSZ,,TBA,Ceramic,,0.0,12.0,1.0,873.0,0.03,0.56
WO3,,water,Metal,243.0,0.0,,,1023.0,0.275,0.332
Al2O3,,camphene,Ceramic,288.0,0.0,24.0,5.0,1873.0,0.22,0.609
HAP,,water,Ceramic,,0.0,,2.0,1473.0,0.27,0.58
YSZ,,water,Ceramic,,0.0,,,,0.029,0.4
SiO2,,water,Ceramic,253.0,0.0,24.0,2.0,873.0,0.3297,0.5
Al2O3,,water,Ceramic,,1.0,,2.0,1873.0,0.3,0.789
NiO,YSZ,water,Metal/Ceramic,213.0,0.0,12.0,1.0,573.0,0.25,0.3757
Al2O3,,water,Ceramic,,1.0,24.0,2.0,1823.0,0.35,0.344
chitin,,water,Polymer,,0.0,24.0,,,0.0027,0.989
PZT,,TBA,Ceramic,,0.0,0.0,2.0,1623.0,0.15,0.413
theophylline,starch,water,Pharmaceutical,253.0,0.0,24.0,,,0.37,0.45
Al2O3,TiO2,camphene,Ceramic,,0.0,72.0,2.0,1773.0,0.25,0.58
TiO2,,water,Ceramic,255.0,0.0,,1.5,2173.0,0.0617,0.87
HAP,,water,Ceramic,,0.0,,4.0,1373.0,0.1744,0.55
Al2O3,,water,Ceramic,,6.0,48.0,3.0,823.0,0.2,0.631
Bioglass,,camphene,Ceramic,,1.0,,1.0,2073.0,0.1,0.5
YSZ,,water,Ceramic,,25.0,48.0,5.0,773.0,0.27,0.545
Si3N4,Al2O3,benzoic acid,Ceramic,,0.0,5.0,4.0,2023.0,0.16,0.57
fireclay,,water,Ceramic,,0.0,24.0,2.0,823.0,0.1751,0.6928
Al2O3,,water,Ceramic,,0.0,24.0,,1673.0,0.333,0.494
YSZ,,water,Ceramic,253.0,0.0,24.0,2.0,873.0,0.3297,0.5
PZT,,TBA,Ceramic,243.0,0.0,,2.0,1773.0,0.15,0.66
HAP,,TBA,Ceramic,,0.0,,1.0,1673.0,0.15,0.64
Mullite,,water,Ceramic,253.0,0.0,,4.0,1773.0,0.0402,0.925
Al2O3,chitosan,acetic acid,Ceramic,,10.0,,,,0.27,0.91
YSZ,,TBA,Ceramic,,0.0,,2.0,1823.0,0.15,0.515
YSZ,,TBA,Ceramic,,0.0,,2.0,1873.0,0.1,0.656
Al2O3,,water,Ceramic,,0.0,24.0,,1773.0,0.45,0.35
Al2O3,,camphene,Ceramic,288.0,0.0,24.0,5.0,1873.0,0.22,0.609
PZT,,TBA,Ceramic,,0.0,0.0,2.0,1723.0,0.3,0.49
YSZ,,water,Ceramic,,0.0,,0.5,773.0,0.3,0.68
YSZ,,water,Ceramic,,2.0,48.0,5.0,773.0,0.2,0.695
Mullite,,camphene,Ceramic,,0.0,24.0,1.0,773.0,0.2293,0.32
Al2O3,,water,Ceramic,238.0,0.0,,5.0,1923.0,0.5,0.24
Yb2SiO5,,water,Ceramic,77.0,0.0,48.0,2.0,873.0,0.15,0.831
Al2O3,,camphene,Ceramic,291.0,0.0,0.0,4.0,1873.0,0.4,0.15
Al2O3,,water,Ceramic,,0.0,24.0,2.5,1823.0,0.3,0.39
Al2O3,,TBA,Ceramic,,0.0,24.0,1.0,1493.0,0.15,0.73
Al2O3,ZrO2,TBA,Ceramic,77.0,0.0,,,1673.0,0.2,0.43
HAP,,water,Ceramic/Polymer,,0.0,48.0,4.0,1573.0,0.2,0.28
HAP,,water,Ceramic,,2.0,,2.0,1563.0,0.15,0.61
SiC,,water,Ceramic,,0.0,,,,0.45,0.136
Al2O3,ZrO2,TBA,Ceramic,77.0,0.0,,,1773.0,0.25,0.28
LSM,YSZ,water,Ceramic,,5.0,12.0,1.0,873.0,0.17,0.57
HAP,,water,Ceramic,,0.5,,4.0,1673.0,0.25,0.56
PZT,,TBA,Ceramic,,0.0,0.0,2.0,1723.0,0.15,0.67
SiO2,,water,Ceramic,193.0,0.0,12.0,2.0,873.0,0.01,0.98
YSZ,,water,Ceramic,,2.0,48.0,5.0,773.0,0.23,0.604
YSZ,,TBA,Ceramic,195.0,0.0,0.0,0.5,723.0,0.15,0.74
HAP,TCP,camphene,Ceramic,,0.0,,3.0,1573.0,0.3,0.14
HAP,,water,Ceramic,,8.0,72.0,2.0,1173.0,0.15,0.82
Al2O3,,water,Ceramic,,0.0,,0.5,873.0,0.2,0.6435
Ni,,water,Metal,253.0,0.0,,,773.0,0.05,0.91
SiC,,water,Ceramic,203.0,,,1.0,2023.0,0.5,0.4927
HAP,Al2O3,water,Ceramic,,4.0,,24.0,873.0,0.15,0.8445
HAP,,TBA,Ceramic,,0.0,,1.0,1623.0,0.05,0.91
Yb2SiO5,,water,Ceramic,77.0,0.0,48.0,2.0,823.0,0.2,0.798
Al2O3,Al2O3,water,Ceramic,,1.0,48.0,,,0.27,0.908
PCS,,water,Polymer,77.0,0.0,24.0,,,0.32,0.662
Y2SiO5,,water,Ceramic,77.0,0.0,48.0,2.0,773.0,0.2,0.62
Al2O3,,camphene,Ceramic,293.0,0.0,,,1673.0,0.05,0.9
Y2O3,SiO2,TBA,Ceramic,,0.0,12.0,1.0,1053.0,0.1664,0.52
Al2O3,,water,Ceramic,77.0,0.0,0.0,0.5,723.0,0.2,0.48
HAP,,water,Ceramic,,2.0,,4.0,1573.0,0.25,0.56
Al2O3,,water,Ceramic,253.0,0.0,,2.0,1573.0,0.1,0.86
Al2O3,ZrO2,TBA,Ceramic,77.0,0.0,,,1673.0,0.15,0.508
Al2O3,CuO,water,Ceramic,253.0,0.0,48.0,1.0,873.0,0.3,0.54
Al2O3,TiO2,camphene,Ceramic,,0.0,72.0,2.0,1573.0,0.25,0.71
Si3N4,Y2O3,water,Ceramic,,0.0,,2.0,873.0,0.2,0.732
Al2O3,,water,Ceramic,,6.0,48.0,3.0,823.0,0.2,0.633
Al2O3,SiO2,water,Ceramic,,0.0,,2.0,1823.0,0.0277,0.548
chitin,,water,Polymer,77.0,0.0,24.0,,,0.0053,0.992
Al2O3,,water,Ceramic,,0.0,96.0,4.0,723.0,0.25,0.63
SiO2,,water,Ceramic,,0.0,,,,0.1392,0.4
Zeo,,water,Ceramic,123.0,0.0,48.0,1.0,2173.0,0.1727,0.7326
HAP,,water,Ceramic,,8.0,,2.0,873.0,0.15,0.67
Al2O3,SiO2,water,Ceramic,,0.0,,2.0,1823.0,0.0277,0.46
kaolinite,,water,Ceramic,77.0,0.0,12.0,,,0.3,0.8559
Al2O3,,water,Ceramic,77.0,0.0,24.0,2.0,1873.0,0.35,0.46
ZrB2,SiC,camphene,Ceramic,233.0,0.0,0.0,1.0,873.0,0.48,0.39
Cr2O3,,camphene,Ceramic,298.0,0.0,24.0,15.0,1373.0,0.1,0.877
HAP,MgO,TBA,Ceramic,,0.0,,1.0,1673.0,0.075,0.84
Al2O3,,camphene,Ceramic,291.0,0.0,0.0,4.0,1873.0,0.2,0.4
Mullite,,TBA,Ceramic,253.0,0.0,12.0,2.0,1823.0,0.35,0.58
Cr2O3,,camphene,Ceramic,298.0,0.0,24.0,15.0,1373.0,0.2,0.83
Al2O3,,TBA,Ceramic,248.0,0.0,,2.0,8873.0,0.2,0.72
stainless steel,,water,Ceramic,233.0,0.0,0.0,2.0,1773.0,0.36,0.38
YSZ,,TBA,Ceramic,,0.0,,2.0,1823.0,0.1,0.66
gelatin,,water,Polymer,,6.0,72.0,,,0.0024,0.965
LSM,YSZ,water,Ceramic,,21.0,12.0,1.0,873.0,0.17,0.57
HAP,SiO2,water,Ceramic,,4.0,,24.0,873.0,0.15,0.8583
PZT,,TBA,Ceramic,263.0,0.0,0.0,2.0,1723.0,0.3,0.53
YSZ,,water,Ceramic,253.0,0.0,24.0,2.0,873.0,0.3297,0.5
SiO2,,water,Ceramic,,0.0,,,,0.0195,0.5
Al2O3,CuO,water,Ceramic,253.0,0.0,48.0,1.0,873.0,0.3,0.6825
Bioglass,,camphene,Ceramic,,4.0,,1.0,2073.0,0.1,0.5
PLLA,,DMSO,Polymer,77.0,,,,,0.17,0.75
Al2O3,,water,Ceramic,,6.0,,2.0,1523.0,0.2,0.656
Al2O3,,naphthalene,Ceramic,291.0,0.0,60.0,4.0,1873.0,0.2,0.6
HAP,,TBA,Ceramic,,0.0,,1.0,873.0,0.1196,0.595
Al2O3,,water,Ceramic,253.0,0.0,24.0,2.0,1873.0,0.35,0.43
Y2O3,SiO2,TBA,Ceramic,,0.0,12.0,1.0,1053.0,0.1664,0.63
HAP,,water,Ceramic,253.0,0.0,,3.0,1623.0,0.1,0.7
ZrB2,SiC,camphene,Ceramic,,0.0,72.0,3.0,823.0,0.3,0.42
Ti6Al4V,,camphene,Metal,,,,2.0,1523.0,0.2,0.62
PZT,,TBA,Ceramic,,0.0,0.0,2.0,1723.0,0.3,0.5
Al2O3,Mullite,water,Ceramic,,0.0,48.0,2.0,873.0,0.43,0.725
Ti,,camphene,Metal,,0.0,,2.0,1773.0,0.3,0.56
Al2O3,,camphene,Ceramic,248.0,0.0,,2.0,8873.0,0.2,0.78
SiO2,,water,Ceramic,,0.0,,,,0.0195,0.5
Al2O3,,camphene,Ceramic,,0.0,72.0,2.0,1773.0,0.25,0.69
YSZ,,TBA,Ceramic,,0.0,,0.5,773.0,0.3,0.2
SiO2,,water,Ceramic,255.0,0.0,24.0,2.0,873.0,0.3297,0.5
Al2O3,SiO2,TBA,Ceramic,273.0,0.0,,,1573.0,0.1,0.781
PCS,,water,Polymer,77.0,0.0,24.0,,,0.53,0.785
Al2O3,SiC,water,Ceramic,77.0,0.0,0.0,1.0,873.0,0.55,0.04
gelatin,,acetic acid,Polymer,77.0,0.0,48.0,,,0.0234,0.952
HAP,,TBA,Ceramic,,0.0,0.0,1.0,963.0,0.1,0.68
YSZ,,TBA,Ceramic,77.0,0.0,0.0,0.5,723.0,0.15,0.73
YSZ,,TBA,Ceramic,243.0,,,1.0,1723.0,0.15,0.77
Yb2SiO5,,TBA,Ceramic,,0.0,0.0,2.0,673.0,0.15,0.8565
Al2O3,ZrO2,water,Ceramic,,0.0,24.0,,773.0,0.146,0.74
SiO2,kaolinite,water,Ceramic,238.0,2.0,0.0,,,0.1628,0.82
SiO2,kaolinite,water,Ceramic,238.0,2.0,0.0,2.0,673.0,0.1628,0.7
HAP,,water,Ceramic,253.0,0.0,,3.0,1623.0,0.1,0.65
Al2O3,,water,Ceramic,,1.0,,2.0,1873.0,0.3,0.779
YSZ,,TBA,Ceramic,,0.0,12.0,1.0,873.0,0.08,0.483
Bioglass,,camphene,Ceramic,,0.0,24.0,1.0,1673.0,0.1,0.46
TiH2,,camphene,Metal,,0.0,,2.0,873.0,0.1,0.75
PVA,,water,Polymer,77.0,0.0,,,,0.0657,0.81
HAP,MgO,TBA,Ceramic,,0.0,,1.0,1673.0,0.075,0.845
Ti,,water,Metal,268.0,0.0,,,1273.0,0.22,0.527
PZT,,TBA,Ceramic,195.0,0.0,0.0,2.0,1723.0,0.2,0.58
chitin,,water,Polymer,77.0,0.0,24.0,,,0.008,0.983
Si3N4,Y2O3,water,Ceramic,193.0,0.0,24.0,,2048.0,0.25,0.582
YSZ,,water,Ceramic,255.0,0.0,24.0,2.0,873.0,0.3297,0.4
Al2O3,,water,Ceramic,,0.0,24.0,2.0,1873.0,0.1,0.735
Si3N4,Y2O3,water,Ceramic,75.0,0.0,,3.0,873.0,0.2252,0.65
Ti,,water,Metal,318.5,0.0,,,,0.2,0.69
HAP,,TBA,Ceramic,,0.0,,1.0,873.0,0.1196,0.646
chitin,,water,Polymer,77.0,0.0,24.0,,,0.0053,0.995
SiO2,,TBA,Ceramic,,0.0,12.0,1.0,873.0,0.16,0.66
collagen,alginate,water,Ceramic/Polymer,,,,,,0.02,0.932
Al2O3,TiO2,camphene,Ceramic,,0.0,72.0,2.0,1773.0,0.25,0.45
LSM,YSZ,water,Ceramic,,3.0,12.0,1.0,873.0,0.23,0.596
Al2O3,,water,Ceramic,,0.0,24.0,2.0,1873.0,0.1,0.745
SiO2,,water,Ceramic,253.0,0.0,24.0,2.0,873.0,0.3297,0.5
YSZ,,TBA,Ceramic,195.0,0.0,0.0,,873.0,0.15,0.779
SiC,,water,Ceramic,,0.0,0.0,,,0.45,0.312
YSZ,,water,Ceramic,,0.0,,0.5,773.0,0.3,0.685
Al2O3,ZrO2,TBA,Ceramic,77.0,0.0,,,1673.0,0.1,0.61
Al2O3,chitosan,acetic acid,Ceramic,,10.0,,,,0.27,0.91
TCP,,water,Ceramic,,0.0,60.0,,723.0,0.3,0.51
HAP,TCP,water,Ceramic,243.0,0.0,168.0,,,0.1091,0.71
Al2O3,,water,Ceramic,,0.0,96.0,4.0,723.0,0.25,0.74
Al2O3,,water,Ceramic,193.0,10.0,72.0,0.5,2323.0,0.3,0.52
TiO2,,camphene,Ceramic,,0.0,,,,0.063,0.895
Mullite,,camphene,Ceramic,,0.0,24.0,1.0,773.0,0.1655,0.57
Si3N4,Al2O3,TBA,Ceramic,,0.0,24.0,3.0,473.0,0.1108,0.7
YSZ,,TBA,Ceramic,,0.0,,2.0,1823.0,0.15,0.78
Al2O3,TiO2,camphene,Ceramic,,0.0,72.0,2.0,1773.0,0.25,0.46
HAP,,water,Ceramic,,0.0,,,,0.45,0.442
Al2O3,,water,Ceramic,,1.0,,2.0,1873.0,0.3,0.782
Si4Al2O2N6,Al2O3,camphene,Ceramic,273.0,0.0,96.0,2.0,873.0,0.1,0.643
chitosan,,water,Ceramic/Polymer,253.0,0.0,6.0,,,0.0168,0.86
Al2O3,,water,Ceramic,,0.0,96.0,4.0,723.0,0.25,0.66
HAP,MgO,TBA,Ceramic,,0.0,,1.0,1673.0,0.15,0.6
TiO2,,water,Ceramic,255.0,0.0,,1.5,2073.0,0.0284,0.88
collagen,,water,Ceramic/Polymer,,,,,,0.02,0.959
TiO2,,water,Ceramic,,10.0,72.0,3.0,1573.0,0.1,0.88
YSZ,Al2O3,water,Ceramic,,0.0,24.0,,773.0,0.11,0.74
HAP,collagen,water,Ceramic/Polymer,77.0,0.0,0.0,0.5,873.0,0.04,0.95
TiO2,,water,Ceramic,255.0,0.0,,2.0,473.0,0.1493,0.82
Al2O3,,water,Ceramic,,0.0,24.0,,1823.0,0.333,0.465
Al2O3,,water,Ceramic,,0.0,96.0,4.0,723.0,0.15,0.79
Al2O3,,camphene,Ceramic,291.0,0.0,24.0,4.0,1873.0,0.495,0.1
HAP,MgO,TBA,Ceramic,,0.0,,1.0,1673.0,0.075,0.77
Mullite,,camphene,Ceramic,,0.0,24.0,1.0,773.0,0.2293,0.6
Si3N4,Y2O3,water,Ceramic,193.0,0.0,24.0,,1973.0,0.3,0.553
Ti,,camphene,Metal,,0.0,,2.0,1773.0,0.25,0.52
Al2O3,,water,Ceramic,253.0,0.0,6.0,3.0,1623.0,0.4,0.537
Al2O3,TiO2,camphene,Ceramic,,0.0,72.0,2.0,1773.0,0.25,0.55
YSZ,,water,Ceramic,255.0,0.0,24.0,2.0,873.0,0.3297,0.6
collagen,alginate,water,Ceramic/Polymer,,,,,,0.02,0.915
gelatin,,water,Polymer,,1.0,72.0,,,0.0075,0.99
Ti,,camphene,Metal,,0.0,,2.0,1773.0,0.1,0.75
SiO2,,TBA,Ceramic,,0.0,12.0,1.0,873.0,0.1,0.7
HAP,,water,Ceramic,255.0,0.0,24.0,2.0,873.0,0.2406,0.568
Y2O3,SiO2,TBA,Ceramic,,0.0,12.0,1.0,1053.0,0.1174,0.58
WO3,,water,Metal,253.0,0.0,,,1023.0,0.225,0.553
Al2O3,ZrO2,TBA,Ceramic,77.0,0.0,,,1673.0,0.25,0.33
Ti,,water,Metal,,0.0,24.0,2.0,1573.0,0.22,0.63
PZT,,camphene,Ceramic,293.0,0.0,48.0,2.0,1573.0,0.25,0.5
Al2O3,,water,Ceramic,,0.0,96.0,4.0,723.0,0.35,0.54
Si3N4,,benzoic acid,Ceramic,,0.0,5.0,4.0,2023.0,0.16,0.66
LSM,YSZ,water,Ceramic,,2.0,12.0,1.0,873.0,0.17,0.65
kaolinite,Al2O3,water,Ceramic,213.0,0.0,24.0,2.0,1773.0,0.06,0.889
Y2SiO5,,water,Ceramic,77.0,0.0,48.0,2.0,673.0,0.25,0.58
chitosan,TCP,water,Ceramic/Polymer,253.0,0.0,6.0,,,0.1468,0.71
HAP,,water,Ceramic,253.0,0.0,,3.0,1623.0,0.2,0.51
YSZ,,water,Ceramic,243.0,0.0,24.0,,873.0,0.23,0.934
SiO2,,water,Ceramic,253.0,0.0,24.0,2.0,873.0,0.3297,0.5
Al2O3,chitosan,acetic acid,Ceramic,,10.0,,,,0.27,0.91
HAP,,water,Ceramic,,0.0,24.0,3.0,1523.0,0.1,0.75
Ni,,water,Metal,253.0,0.0,,,773.0,0.1,0.85
Al2O3,TiO2,water,Ceramic,,0.0,24.0,0.5,773.0,0.05,0.601
Al2O3,,water,Ceramic,,0.0,96.0,4.0,723.0,0.35,0.6
Mullite,,camphene,Ceramic,77.0,0.0,,,873.0,0.21,0.655
TCP,,water,Ceramic,,0.0,0.0,1.0,873.0,0.24,0.643
YSZ,,TBA,Ceramic,,0.0,,2.0,1773.0,0.1,0.724
SiO2,kaolinite,water,Ceramic,238.0,2.0,0.0,2.0,673.0,0.1628,0.64
Al2O3,,water,Ceramic,77.0,0.0,24.0,2.0,1873.0,0.2,0.5
TiO2,,water,Ceramic,,10.0,72.0,3.0,1273.0,0.1,0.789
HAP,BT,water,Ceramic,,0.0,36.0,3.0,1373.0,0.1,0.68
Al2O3,,water,Ceramic,193.0,10.0,72.0,0.5,2323.0,0.3,0.52
HAP,Al2O3,water,Ceramic,,4.0,,24.0,873.0,0.15,0.8001
gelatin,,acetic acid,Polymer,77.0,0.0,48.0,,,0.0234,0.9625
Al2O3,CuO,water,Ceramic,253.0,0.0,48.0,1.0,873.0,0.3,0.64
HAP,,water,Ceramic,,10.0,48.0,4.0,1573.0,0.2,0.7
Al2O3,,water,Ceramic,,0.0,,2.0,2073.0,0.1,0.697
Al2O3,,water,Ceramic,,0.0,96.0,4.0,723.0,0.25,0.635
Si3N4,Y2O3,water,Ceramic,203.0,0.0,48.0,2.0,873.0,0.15,0.74
ZrB2,SiC,camphene,Ceramic,233.0,0.0,0.0,1.0,873.0,0.48,0.34
Al2O3,,water,Ceramic,203.0,0.0,,2.0,823.0,0.25,0.62
Al2O3,,water,Metal/Ceramic,,1.0,48.0,2.0,1273.0,0.321,0.109
Al2O3,TiO2,camphene,Ceramic,,0.0,72.0,2.0,1573.0,0.25,0.7
PZT,,TBA,Ceramic,243.0,0.0,48.0,2.0,1673.0,0.2,0.62
YSZ,,water,Ceramic,255.0,0.0,24.0,2.0,873.0,0.3297,0.5
HAP,,water,Ceramic,253.0,0.0,,3.0,1623.0,0.1,0.7
Mullite,,TBA,Ceramic,213.0,0.0,12.0,2.0,1823.0,0.35,0.6
TCP,,water,Ceramic,,0.0,60.0,,723.0,0.1,0.82
Al2O3,,water,Ceramic,248.0,0.0,,2.0,2073.0,0.2,0.82
SiO2,,water,Ceramic,,0.0,,,,0.0038,0.6
Al2O3,SiC,water,Ceramic,77.0,0.0,0.0,1.0,773.0,0.55,0.09
HAP,,water,Ceramic,243.0,0.0,0.0,3.0,1623.0,0.3,0.475
Al2O3,,water,Ceramic,77.0,0.0,24.0,2.0,1873.0,0.5,0.23
Al2O3,,naphthalene,Ceramic,291.0,0.0,60.0,4.0,1873.0,0.4,0.22
YSZ,,TBA,Ceramic,243.0,,,1.0,1723.0,0.15,0.78
TiO2,,water,Ceramic,,,24.0,2.0,1573.0,0.1893,0.6
Al2O3,,water,Ceramic,,6.0,48.0,3.0,823.0,0.3,0.459
Yb2SiO5,,water,Ceramic,77.0,0.0,48.0,2.0,823.0,0.25,0.711
Al2O3,chitosan,acetic acid,Ceramic,,1.0,,,,0.27,0.91
kaolinite,,water,Ceramic,77.0,0.0,12.0,,,0.3,0.7519
gelatin,,acetic acid,Polymer,77.0,0.0,48.0,,,0.0234,0.947
HAP,,water,Ceramic,,8.0,,2.0,873.0,0.15,0.64
kaolinite,Al2O3,water,Ceramic,233.0,0.0,24.0,2.0,1773.0,0.06,0.896
YSZ,,camphene,Ceramic,,0.0,,,1673.0,0.2,0.56
chitin,,water,Polymer,77.0,0.0,,,,0.35,0.995
Al2O3,,water,Ceramic,,0.0,24.0,,1823.0,0.4,0.36
Al2O3,,water,Ceramic,,0.0,,0.5,873.0,0.37,0.4638
PU,,dioxane,Polymer,77.0,0.0,24.0,,,0.13,0.77
HAP,,water,Ceramic,,1.0,,4.0,1598.0,0.25,0.56
TCP,,water,Ceramic,,0.0,48.0,,673.0,0.3,0.489
Ti,,camphene,Metal,,0.0,,2.0,1773.0,0.2,0.6
PVA,,water,Polymer,77.0,0.0,,,,0.0657,0.8
SiC,,water,Ceramic,,0.0,,,,0.45,0.136
ZrB2,SiC,camphene,Ceramic,233.0,0.0,0.0,1.0,873.0,0.38,0.49
HAP,,camphene,Ceramic,,0.0,,3.0,1623.0,0.1,0.76
PVA,collagen,water,Ceramic/Polymer,233.0,0.0,5.0,,,0.07,0.89
stainless steel,,water,Ceramic,233.0,0.0,0.0,2.0,1773.0,0.56,0.21
Si4Al2O2N6,,camphene,Ceramic,273.0,0.0,96.0,3.0,823.0,0.2,0.47
SiO2,,TBA,Ceramic,,0.0,12.0,1.0,873.0,0.19,0.1
SiC,chitosan,acetic acid,Ceramic,,15.0,24.0,1.0,873.0,0.015,0.98
SiC,,water,Ceramic,,0.0,5.0,1.0,873.0,0.12,0.73
Al2O3,Mullite,water,Ceramic,,0.0,48.0,2.0,873.0,0.5,0.74
PCS,,water,Polymer,77.0,0.0,24.0,,,0.51,0.814
PZT,,TBA,Ceramic,195.0,0.0,0.0,2.0,1723.0,0.25,0.58
SiO2,kaolinite,water,Ceramic,238.0,0.0,,12.0,1523.0,0.18,0.63
HAP,,camphene,Ceramic,,0.0,0.0,3.0,1573.0,0.25,0.52
YSZ,,TBA,Ceramic,,0.0,12.0,1.0,873.0,0.02,0.78
SiO2,,water,Ceramic,253.0,0.0,24.0,2.0,873.0,0.3297,0.5
gelatin,,acetic acid,Polymer,77.0,0.0,48.0,,,0.02,0.955
PZT,,TBA,Ceramic,195.0,0.0,0.0,2.0,1723.0,0.3,0.5
Ag,,water,Metal,77.0,0.0,48.0,,,0.001,0.959
Al2O3,,water,Metal/Ceramic,,1.0,48.0,2.0,1273.0,0.336,0.13
TiO2,,water,Ceramic,255.0,0.0,,2.0,473.0,0.1014,0.86
SiO2,kaolinite,water,Ceramic,233.0,0.0,12.0,,,0.2,0.7
PZT,,TBA,Ceramic,,0.0,0.0,2.0,1723.0,0.3,0.5
SiC,,water,Ceramic,,0.0,0.0,,,0.45,0.136
Al2O3,,water,Ceramic,253.0,0.0,,2.0,1573.0,0.1,0.86
SiO2,,water,Ceramic,223.0,0.0,12.0,3.0,1673.0,0.01,0.8
PVA,,water,Ceramic/Polymer,233.0,0.0,5.0,,,0.04,0.91
Al2O3,,water,Ceramic,,0.0,96.0,4.0,723.0,0.15,0.82
Bioglass,,camphene,Ceramic,,0.0,,3.0,1523.0,0.137,0.6
HAP,,water,Ceramic,,0.0,0.0,1.0,873.0,0.13,0.50065
HAP,,water,Ceramic,,1.0,48.0,4.0,1573.0,0.2,0.721
Si,,water,Ceramic,,0.0,24.0,16.5,1673.0,0.2,0.7
SiO2,kaolinite,water,Ceramic,238.0,2.0,0.0,2.0,573.0,0.1628,0.785
PVA,,water,Polymer,77.0,0.0,,,,0.0657,0.79
Mullite,,camphene,Ceramic,77.0,0.0,,,873.0,0.15,0.514
HAP,PMMA,water,Ceramic,253.0,0.0,24.0,2.0,823.0,0.2406,0.635
HAP,,TBA,Ceramic,,0.0,,1.0,1673.0,0.05,0.9
Al2O3,,TBA,Ceramic,,0.0,72.0,2.0,873.0,0.1,0.65
PZT,,TBA,Ceramic,,0.0,0.0,2.0,1723.0,0.35,0.41
Mullite,,camphene,Ceramic,77.0,0.0,,,873.0,0.21,0.51
SiO2,kaolinite,water,Ceramic,238.0,2.0,0.0,2.0,673.0,0.1628,0.71
Si4Al2O2N6,,camphene,Ceramic,77.0,0.0,96.0,3.0,823.0,0.4,0.275
chitin,,water,Polymer,193.0,0.0,,,,0.35,0.995
Al2O3,,water,Ceramic,,0.0,24.0,2.5,1823.0,0.2,0.58
WO3,,water,Metal,258.0,0.0,,,1023.0,0.225,0.576
TiO2,,water,Ceramic,,10.0,72.0,3.0,1273.0,0.1,0.82
SiO2,,TBA,Ceramic,,0.0,12.0,1.0,873.0,0.1,0.38
YSZ,,water,Ceramic,255.0,0.0,24.0,2.0,873.0,0.3297,0.57
YSZ,,water,Ceramic,,2.0,48.0,5.0,773.0,0.27,0.531
Mullite,,TBA,Ceramic,193.0,0.0,12.0,2.0,1823.0,0.35,0.6
SiC,,water,Ceramic,,0.0,,,,0.45,0.106
YSZ,,water,Ceramic,,0.0,,,,0.0131,0.83
Si3N4,BAS,water,Ceramic,,0.0,,3.0,823.0,0.4,0.42
Al2O3,,water,Ceramic,,0.0,96.0,4.0,723.0,0.15,0.82
HAP,,water,Ceramic,243.0,0.0,0.0,3.0,1623.0,0.1,0.525
Al2O3,,Glycerine Ether,Ceramic,253.0,0.0,,3.0,1773.0,0.33,0.49
SiO2,,water,Ceramic,255.0,0.0,24.0,2.0,873.0,0.3297,0.5
Al2O3,,water,Ceramic,,0.0,96.0,4.0,723.0,0.15,0.77
Yb2SiO5,,TBA,Ceramic,,0.0,0.0,2.0,673.0,0.15,0.852
Al2O3,,water,Ceramic,253.0,0.0,6.0,3.0,1623.0,0.4,0.545
Al2O3,,water,Ceramic,253.0,0.0,6.0,3.0,1623.0,0.4,0.539
HAP,,water,Ceramic,,,,2.0,1563.0,0.15,0.78
WO3,,water,Metal,243.0,0.0,,,1023.0,0.225,0.55
Si3N4,Al2O3,TBA,Ceramic,,0.0,24.0,3.0,473.0,0.1623,0.5
Al2O3,,water,Ceramic,193.0,5.0,72.0,0.5,2323.0,0.3,0.52
TCP,,water,Ceramic,,0.0,60.0,,723.0,0.3,0.51
YSZ,,water,Ceramic,,0.0,,0.5,773.0,0.4,0.55
SiC,chitosan,acetic acid,Ceramic,,4.0,24.0,1.0,873.0,0.015,0.98
HAP,MgO,TBA,Ceramic,,0.0,,1.0,1673.0,0.1,0.7
Yb2SiO5,,water,Ceramic,77.0,0.0,48.0,2.0,823.0,0.15,0.817
Y2SiO5,,water,Ceramic,77.0,0.0,48.0,2.0,773.0,0.15,0.72
theophylline,starch,water,Pharmaceutical,253.0,0.0,24.0,,,0.34,0.4
Cordierite,,water,Ceramic,253.0,0.0,24.0,2.0,1473.0,0.1,0.8
TCP,,water,Ceramic,,0.0,48.0,,673.0,0.1,0.856
HAP,,water,Ceramic,,8.0,,2.0,1173.0,0.15,0.825
HAP,,water,Ceramic,253.0,0.0,,3.0,1623.0,0.2,0.49
Al2O3,SiO2,water,Ceramic,,0.0,,2.0,1773.0,0.0277,0.687
Fe2O3,,camphene,Metal,313.0,0.0,,12.0,873.0,0.05,0.805
HAP,,water,Ceramic/Polymer,,0.0,48.0,4.0,1573.0,0.2,0.7
AlN,AlN,water,Ceramic,233.0,0.0,,2.0,873.0,0.53,0.02
HAP,TCP,water,Ceramic,243.0,0.0,168.0,,,0.1091,0.62
SiO2,,water,Ceramic,,0.0,,,,0.0038,0.6
gelatin,,water,Polymer,,3.0,72.0,,,0.0024,0.965
Ti,,water,Metal,256.0,0.0,24.0,,573.0,0.24,0.62
Si3N4,Y2O3,water,Ceramic,75.0,0.0,,3.0,873.0,0.2252,0.66
PZT,,TBA,Ceramic,243.0,0.0,48.0,2.0,1673.0,0.35,0.42
Al2O3,ZrO2,TBA,Ceramic,77.0,0.0,,,1773.0,0.2,0.48
HAP,,water,Ceramic,253.0,0.0,,3.0,1623.0,0.1,0.65
BaTiO3,Al2O3,water,Ceramic,,0.0,,2.0,1673.0,0.2,0.264
Al2O3,,Glycerine Ether,Ceramic,253.0,0.0,,3.0,1773.0,0.33,0.45
SiO2,,water,Ceramic,193.0,0.0,12.0,2.0,1563.0,0.05,0.94
Al2O3,,water,Ceramic,83.0,0.0,24.0,3.0,1173.0,0.3,0.15
SiO2,Mullite,water,Ceramic,223.0,0.0,12.0,3.0,1673.0,0.12,0.25
TiO2,,water,Ceramic,,,24.0,2.0,1573.0,0.1347,0.68
HAP,SiO2,water,Ceramic,,4.0,,24.0,873.0,0.15,0.2982
SiO2,,TBA,Ceramic,233.0,0.0,72.0,,,0.3614,0.72
HAP,,water,Ceramic,253.0,0.0,,3.0,1623.0,0.15,0.55
YSZ,,TBA,Ceramic,,,,1.0,1723.0,0.15,0.62
Mullite,,TBA,Ceramic,,0.0,12.0,2.0,1973.0,0.15,0.7
HAP,,water,Ceramic,,0.0,,2.0,1673.0,0.25,0.765
SiO2,kaolinite,water,Ceramic,238.0,0.0,,12.0,1523.0,0.24,0.57
TiO2,,water,Ceramic,,10.0,72.0,3.0,1273.0,0.1,0.828
PCS,,water,Polymer,77.0,0.0,24.0,,,0.53,0.785
SiO2,,water,Ceramic,223.0,0.0,12.0,3.0,1673.0,0.02,0.7
YSZ,,water,Metal/Ceramic,,1.0,48.0,12.0,413.0,0.357,0.187
Al2O3,,water,Ceramic,,0.0,24.0,,1673.0,0.4,0.458
Al2O3,SiC,water,Ceramic,77.0,0.0,0.0,1.0,873.0,0.55,0.08
Si3N4,Y2O3,water,Ceramic,,0.0,,2.0,873.0,0.4,0.532
YSZ,,camphene,Ceramic,288.0,0.0,24.0,1.0,973.0,0.1,0.67
HAP,,water,Ceramic,253.0,0.0,,3.0,1623.0,0.2,0.545
SiO2,,TBA,Ceramic,,0.0,12.0,1.0,873.0,0.19,0.72
ZrB2,,water,Ceramic,233.0,0.0,0.0,0.5,723.0,0.11,0.492
Al2O3,SiO2,water,Ceramic,,0.0,,2.0,1773.0,0.0277,0.669
Al2O3,,water,Ceramic,,0.0,24.0,,1873.0,0.28,0.528
PLLA,,DMSO,Polymer,77.0,,,,,0.08,0.883
Al2O3,,water,Ceramic,,1.0,48.0,,,0.27,0.914
Mullite,,TBA,Ceramic,,0.0,0.0,1.0,873.0,0.45,0.68
Al2O3,ZrO2,TBA,Ceramic,77.0,0.0,,,1773.0,0.1,0.58
Mullite,,camphene,Ceramic,77.0,0.0,,,873.0,0.21,0.312
HAP,,water,Ceramic,,5.0,,4.0,1573.0,0.25,0.56
TCP,,water,Ceramic,,0.0,48.0,,673.0,0.2,0.686
YSZ,,TBA,Ceramic,,0.0,12.0,1.0,873.0,0.08,0.35
BT,kaolinite,water,Ceramic,243.0,0.0,0.0,,873.0,0.11,0.63
HAP,,camphene,Ceramic,,0.0,0.0,3.0,1573.0,0.2,0.6
Al2O3,,camphene,Ceramic,276.0,0.0,,3.0,1873.0,0.1,0.825
SiC,,water,Ceramic,,0.0,5.0,1.0,873.0,0.12,0.72
Al2O3,CuO,water,Ceramic,253.0,0.0,48.0,1.0,873.0,0.3,0.52
HAP,,water,Ceramic,,,24.0,4.0,1573.0,0.2459,0.45
Al2O3,,camphene,Ceramic,,0.0,,4.0,1873.0,0.433,0.22
Al2O3,chitosan,acetic acid,Ceramic,,1.0,,,,0.27,0.905
HAP,SiO2,water,Ceramic,,4.0,,24.0,873.0,0.15,0.839
Si3N4,BAS,water,Ceramic,,0.0,,3.0,823.0,0.4,0.366
Al2O3,SiO2,water,Ceramic,,0.0,,2.0,1773.0,0.0277,0.626
HAP,,water,Ceramic,,8.0,,2.0,973.0,0.15,0.57
YSZ,,water,Ceramic,253.0,0.0,24.0,2.0,873.0,0.3297,0.5
HAP,,water,Ceramic/Polymer,,5.0,,3.0,1625.0,0.2,0.6
Y2SiO5,,water,Ceramic,,0.0,48.0,2.0,1873.0,0.4,0.64
Al2O3,,water,Ceramic,,0.0,96.0,4.0,723.0,0.35,0.55
HAP,,water,Ceramic,253.0,0.0,,3.0,1623.0,0.1,0.7
Mullite,,water,Ceramic,253.0,0.0,,4.0,1823.0,0.0402,0.915
CuO,,water,Metal,253.0,0.0,,2.0,1573.0,0.3,0.383
Ti6Al4V,,camphene,Metal,,,,2.0,1523.0,0.25,0.48
YSZ,,TBA,Ceramic,,0.0,,2.0,1823.0,0.15,0.4
Mullite,,TBA,Ceramic,173.0,0.0,12.0,2.0,1823.0,0.35,0.6
HAP,BT,water,Ceramic,173.0,5.0,24.0,3.0,873.0,0.2,0.57
SiO2,,water,Ceramic,,0.0,,,,0.1392,0.4
Al2O3,,naphthalene,Ceramic,291.0,0.0,60.0,4.0,1873.0,0.48,0.12
SiO2,,TBA,Ceramic,273.0,0.0,72.0,,,0.3614,0.73
HAP,,water,Ceramic,,0.0,0.0,1.0,873.0,0.21,0.2344
TiO2,,water,Ceramic,,10.0,72.0,3.0,1273.0,0.1,0.832
YSZ,,water,Ceramic,,0.0,24.0,,773.0,0.11,0.76
HAP,MgO,TBA,Ceramic,,0.0,,1.0,1673.0,0.1,0.64
Al2O3,,water,Ceramic,,0.0,,2.0,1563.0,0.3,0.76
Cr2O3,,camphene,Ceramic,273.0,0.0,24.0,15.0,1373.0,0.1,0.901
Al2O3,,camphene,Ceramic,288.0,0.0,24.0,5.0,1873.0,0.22,0.609
SiO2,,water,Ceramic,,0.0,,,,0.0195,0.5
Mullite,,TBA,Ceramic,173.0,0.0,12.0,2.0,1823.0,0.4,0.56
Mullite,,TBA,Ceramic,173.0,0.0,12.0,2.0,1823.0,0.35,0.62
SiC,,water,Ceramic,,0.0,5.0,1.0,873.0,0.12,0.715
YSZ,,TBA,Ceramic,243.0,0.0,0.0,,873.0,0.15,0.774
PCS,,water,Polymer,77.0,0.0,24.0,,,0.32,0.662
Al2O3,ZrO2,TBA,Ceramic,77.0,0.0,,,1773.0,0.2,0.38
Bioglass,HAP,camphene,Ceramic,,0.0,,3.0,1523.0,0.146,0.54
TCP,,water,Ceramic,,0.0,48.0,,673.0,0.2,0.67
YSZ,,water,Ceramic,,0.0,,0.5,773.0,0.3,0.665
fireclay,,water,Ceramic,,0.0,24.0,2.0,823.0,0.2,0.681
SiO2,,water,Ceramic,,0.0,,,,0.0038,0.6
Mullite,,TBA,Ceramic,,0.0,0.0,1.0,873.0,0.45,0.625
Al2O3,,water,Ceramic,,1.0,48.0,,,0.27,0.905
WO3,,water,Metal,258.0,0.0,,,1023.0,0.225,0.666
YSZ,,water,Ceramic,,0.0,,0.5,773.0,0.3,0.67
Si3N4,Y2O3,water,Ceramic,75.0,0.0,,3.0,873.0,0.2252,0.62
HAP,,water,Ceramic/Polymer,263.0,0.0,,2.0,1773.0,0.25,0.48
TiO2,,water,Ceramic,,10.0,72.0,3.0,1273.0,0.1,0.857
Mullite,,TBA,Ceramic,,0.0,12.0,2.0,2023.0,0.35,0.55
Y2O3,SiO2,TBA,Ceramic,,0.0,12.0,1.0,973.0,0.0475,0.73
Al2O3,,water,Ceramic,,0.0,,2.0,1563.0,0.3,0.73
Mullite,,camphene,Ceramic,77.0,0.0,,,873.0,0.153,0.566
YSZ,,TBA,Ceramic,77.0,0.0,0.0,,873.0,0.15,0.745
Al2O3,TiO2,camphene,Ceramic,77.0,0.0,72.0,2.0,1773.0,0.25,0.53
TiO2,,water,Ceramic,,,24.0,2.0,1573.0,0.2594,0.45
TiO2,,water,Ceramic,,10.0,72.0,3.0,1773.0,0.1,0.35
YSZ,,water,Ceramic,,2.0,48.0,5.0,773.0,0.27,0.525
Mullite,,camphene,Ceramic,77.0,0.0,,,873.0,0.153,0.385
Mullite,,TBA,Ceramic,173.0,0.0,12.0,2.0,1823.0,0.35,0.62
YSZ,,TBA,Ceramic,,0.0,,0.5,773.0,0.2,0.42
PVA,,water,Polymer,77.0,0.0,,,,0.0657,0.84
YSZ,,water,Ceramic,,0.0,,0.5,773.0,0.3,0.66
Bioglass,,water,Ceramic,,0.0,24.0,2.0,673.0,0.07,0.7278
Mullite,,camphene,Ceramic,77.0,0.0,,,873.0,0.153,0.729
Bioglass,,camphene,Ceramic,,0.0,24.0,1.0,1673.0,0.1,0.86
kaolinite,Al2O3,water,Ceramic,193.0,0.0,24.0,2.0,1773.0,0.05,0.9
ZrB2,SiC,water,Ceramic,233.0,0.0,0.0,0.5,753.0,0.76,0.383
CuO,,water,Metal,253.0,0.0,,2.0,1573.0,0.35,0.349
SiO2,SiO2,water,Ceramic,,0.0,0.0,,,0.0534,0.83
WO3,,water,Metal,258.0,0.0,,,1023.0,0.25,0.491
Al2O3,,water,Ceramic,,0.0,96.0,4.0,723.0,0.15,0.82
TiO2,,water,Ceramic,,10.0,72.0,3.0,1273.0,0.1,0.845
Ti,,camphene,Metal,,0.0,,2.0,1773.0,0.3,0.33
WO3,,water,Metal,253.0,0.0,,,1023.0,0.225,0.502
YSZ,,water,Metal/Ceramic,,1.0,48.0,4.0,1773.0,0.357,0.327
Al2O3,CuO,water,Ceramic,253.0,0.0,48.0,1.0,873.0,0.3,0.44
Al2O3,chitosan,acetic acid,Ceramic,,1.0,,,,0.27,0.91
HAP,TCP,water,Ceramic,,0.0,0.0,2.0,1373.0,0.1091,0.79
YSZ,,water,Ceramic,,0.0,,0.5,773.0,0.2,0.75
YSZ,,water,Ceramic,255.0,0.0,24.0,2.0,873.0,0.3297,0.5
Al2O3,SiC,water,Ceramic,77.0,0.0,0.0,1.0,873.0,0.55,0.055
PZT,,TBA,Ceramic,195.0,0.0,0.0,2.0,1723.0,0.4,0.28
Al2O3,,water,Metal/Ceramic,,1.0,48.0,2.0,1273.0,0.336,0.111
SiO2,,water,Ceramic,253.0,0.0,24.0,2.0,873.0,0.3297,0.5
Si3N4,Y2O3,water,Ceramic,,0.0,48.0,2.0,873.0,0.25,0.62
Al2O3,,camphene,Ceramic,,0.0,72.0,2.0,1573.0,0.25,0.75
WO3,,water,Metal,243.0,0.0,,,1023.0,0.2,0.607
Mullite,,TBA,Ceramic,173.0,0.0,12.0,2.0,1873.0,0.4,0.55
Al2O3,ZrO2,TBA,Ceramic,77.0,0.0,,,1673.0,0.1,0.635
HAP,MgO,TBA,Ceramic,,0.0,,1.0,1673.0,0.075,0.79
PZT,,TBA,Ceramic,,0.0,0.0,2.0,1723.0,0.25,0.55
Al2O3,chitosan,acetic acid,Ceramic,,1.0,,,,0.27,0.91
YSZ,,water,Ceramic,,0.0,,,,0.3,0.74
Al2O3,,water,Ceramic,77.0,0.0,0.0,0.5,723.0,0.2,0.65
Al2O3,,camphene,Ceramic,291.0,0.0,24.0,4.0,1873.0,0.495,0.5
SiO2,,TBA,Ceramic,,0.0,72.0,,,0.3614,0.57
Bioglass,,water,Ceramic,253.0,0.0,,,773.0,0.15,0.61
Al2O3,,Glycerine Ether,Ceramic,253.0,0.0,,3.0,1773.0,0.33,0.37
Si4Al2O2N6,Al2O3,camphene,Ceramic,273.0,0.0,96.0,3.0,823.0,0.2,0.47
PZT,,TBA,Ceramic,,0.0,0.0,2.0,1723.0,0.35,0.4
HAP,,water,Ceramic/Polymer,,5.0,,3.0,1625.0,0.3,0.6
ZrB2,SiC,camphene,Ceramic,233.0,0.0,0.0,1.0,873.0,0.48,0.41
Al2O3,,water,Ceramic,,0.0,96.0,4.0,723.0,0.15,0.81
Al2O3,Mullite,water,Ceramic,,0.0,0.0,5.0,1873.0,0.475,0.67
HAP,BT,water,Ceramic,173.0,20.0,24.0,3.0,873.0,0.2,0.4
Al2O3,,camphene,Ceramic,248.0,0.0,,2.0,2223.0,0.2,0.68
WO3,,water,Metal,248.0,0.0,,,1023.0,0.2,0.529
YSZ,,TBA,Ceramic,,0.0,12.0,1.0,873.0,0.02,0.768
PZT,,TBA,Ceramic,,0.0,0.0,2.0,1723.0,0.25,0.55
TiO2,,water,Ceramic,,10.0,72.0,3.0,1273.0,0.1,0.837
SiC,,water,Ceramic,203.0,,,1.0,2023.0,0.3,0.4606
BT,kaolinite,water,Ceramic,243.0,0.0,0.0,,873.0,0.11,0.74
Al2O3,TiO2,camphene,Ceramic,77.0,0.0,72.0,2.0,1773.0,0.25,0.15
Yb2SiO5,,TBA,Ceramic,,0.0,0.0,2.0,823.0,0.15,0.8465
Al2O3,,water,Ceramic,83.0,0.0,24.0,3.0,1173.0,0.4,0.3
Al2O3,CuO,water,Ceramic,253.0,0.0,48.0,1.0,873.0,0.3,0.47
HAP,MgO,TBA,Ceramic,,0.0,,1.0,1673.0,0.1,0.72
Al2O3,,water,Ceramic,,0.0,96.0,4.0,723.0,0.25,0.73
SiO2,,TBA,Ceramic,,0.0,72.0,,,0.274,0.65
Al2O3,SiO2,water,Ceramic,,0.0,,2.0,1773.0,0.0277,0.647
Al2O3,,water,Ceramic,193.0,1.0,72.0,0.5,2323.0,0.4,0.32
PZT,,TBA,Ceramic,195.0,0.0,0.0,2.0,1723.0,0.3,0.5
PZT,,TBA,Ceramic,,0.0,0.0,2.0,1573.0,0.15,0.495
Al2O3,,water,Ceramic,203.0,0.0,,2.0,823.0,0.25,0.7
Al2O3,TiO2,camphene,Ceramic,,0.0,72.0,2.0,1773.0,0.25,0.55
HAP,,water,Ceramic,,,24.0,4.0,1573.0,0.2459,0.6
HAP,,water,Ceramic,243.0,0.0,0.0,3.0,1623.0,0.2,0.55
PZT,,TBA,Ceramic,,0.0,0.0,2.0,1723.0,0.2,0.6
HAP,MgO,TBA,Ceramic,,0.0,,1.0,1673.0,0.05,0.88
Ti,,water,Metal,,0.0,24.0,2.0,1573.0,0.22,0.52
HAP,,water,Ceramic,253.0,0.0,24.0,2.0,773.0,0.2406,0.6466
Bioglass,HAP,camphene,Ceramic,,0.0,,3.0,1523.0,0.37,0.15
HAP,BT,water,Ceramic,173.0,5.0,24.0,3.0,873.0,0.3,0.574
SiC,,water,Metal/Ceramic,263.0,0.0,24.0,0.5,773.0,0.4,0.019
Al2O3,YSZ,water,Ceramic,253.0,0.0,48.0,30.0,773.0,0.3,0.52
Si3N4,Y2O3,water,Ceramic,193.0,0.0,24.0,2.0,1973.0,0.2,0.695
HAP,BaTiO3,water,Ceramic,,5.0,24.0,,873.0,0.2,0.6
HAP,SiO2,water,Ceramic,,0.0,48.0,4.0,1373.0,0.2685,0.673
Bioglass,HAP,camphene,Ceramic,,0.0,,3.0,1523.0,0.09,0.65
YSZ,,water,Ceramic,,0.0,24.0,,873.0,0.23,0.932
chitosan,HAP,water,Polymer,77.0,0.0,0.0,,,0.09,0.47
Bioglass,,water,Ceramic,,0.0,24.0,1.5,1973.0,0.16,0.7523
TiO2,,water,Ceramic,,10.0,72.0,3.0,1273.0,0.1,0.848
YSZ,,TBA,Ceramic,,0.0,,2.0,1823.0,0.15,0.4
kaolinite,Al2O3,water,Ceramic,233.0,0.0,24.0,2.0,1773.0,0.07,0.852
Al2O3,Mullite,water,Ceramic,,0.0,48.0,2.0,873.0,0.63,0.82
HAP,,water,Ceramic,,0.0,24.0,3.0,873.0,0.2,0.68
gelatin,,acetic acid,Polymer,77.0,0.0,48.0,,,0.0016,0.973
YSZ,,camphene,Ceramic,,0.0,,1.0,973.0,0.2,0.655
PZT,,TBA,Ceramic,243.0,0.0,48.0,2.0,1673.0,0.15,0.68
NiO,YSZ,water,Metal/Ceramic,213.0,0.0,12.0,1.0,573.0,0.2,0.4901
HAP,BT,water,Ceramic,173.0,5.0,24.0,3.0,873.0,0.2,0.589
HAP,,camphene,Ceramic,,0.0,,3.0,1623.0,0.2,0.55
Al2O3,,TBA,Ceramic,,0.0,72.0,2.0,873.0,0.2,0.6
HAP,,water,Ceramic,,0.0,,,1573.0,0.43,0.29
Al2O3,,water,Ceramic,,0.0,96.0,4.0,723.0,0.15,0.82
PZT,,TBA,Ceramic,248.0,0.0,0.0,2.0,1723.0,0.3,0.53
Al2O3,,water,Ceramic,238.0,0.0,,5.0,1923.0,0.6,0.13
ZrB2,SiC,camphene,Ceramic,,0.0,72.0,3.0,823.0,0.2,0.65
Al2O3,,water,Ceramic,83.0,0.0,24.0,3.0,1173.0,0.3,0.68
PLLA,,DMSO,Polymer,77.0,,,,,0.08,0.875
PVA,collagen,water,Ceramic/Polymer,233.0,0.0,5.0,,,0.07,0.89
WO3,,water,Metal,238.0,0.0,,,1023.0,0.225,0.48
Ti,,camphene,Metal,,0.0,,2.0,1773.0,0.3,0.7
YSZ,,water,Ceramic,,0.0,,,,0.1,0.9
Ti6Al4V,,camphene,Metal,,,,2.0,1523.0,0.15,0.72
Bioglass,,water,Ceramic,253.0,0.0,,,773.0,0.1,0.7
Al2O3,ZrO2,TBA,Ceramic,77.0,0.0,,,1773.0,0.2,0.389
ZTA,,water,Ceramic,271.0,1.5,12.0,2.0,1873.0,0.175,0.765
Al2O3,,water,Ceramic,,0.0,96.0,4.0,723.0,0.15,0.82
HAP,collagen,water,Ceramic/Polymer,243.0,0.0,0.0,0.5,873.0,0.04,0.95
Ti,,water,Metal,318.5,0.0,,,,0.2,0.51
HAP,,water,Ceramic,,,12.0,4.0,1573.0,0.2459,0.25
HAP,,water,Ceramic,,0.0,,2.0,1473.0,0.23,0.69
Si4Al2O2N6,Al2O3,camphene,Ceramic,273.0,0.0,96.0,2.0,873.0,0.2,0.452
Al2O3,CuO,water,Ceramic,253.0,0.0,48.0,1.0,873.0,0.3,0.675
Al2O3,ZrO2,water,Ceramic,,0.0,24.0,,773.0,0.2041,0.67
Al2O3,,water,Ceramic,,0.0,24.0,2.0,1873.0,0.1,0.745
Bioglass,,water,Ceramic,,0.0,24.0,2.0,573.0,0.22,0.325
TCP,,water,Ceramic,,0.0,60.0,,723.0,0.1,0.82
Al2O3,chitosan,acetic acid,Ceramic,,10.0,,,,0.27,0.91
Mullite,,TBA,Ceramic,173.0,0.0,12.0,2.0,1823.0,0.35,0.62
PZT,,TBA,Ceramic,,0.0,0.0,2.0,1723.0,0.35,0.44
PZT,,TBA,Ceramic,,0.0,0.0,2.0,1723.0,0.3,0.5
Mullite,,TBA,Ceramic,173.0,0.0,12.0,2.0,1823.0,0.4,0.56
Si4Al2O2N6,,camphene,Ceramic,77.0,0.0,96.0,3.0,823.0,0.2,0.529
Merwinite,,water,Ceramic,238.15,1.0,72.0,1.0,873.0,0.1,0.5875
HAP,,water,Ceramic/Polymer,,1.0,,3.0,1625.0,0.3,0.6
HAP,,water,Ceramic,,10.0,48.0,4.0,1573.0,0.2,0.704
Al2O3,TiO2,camphene,Ceramic,,0.0,72.0,2.0,1773.0,0.25,0.5
Al2O3,,water,Ceramic,193.0,1.0,72.0,0.5,2323.0,0.3,0.52
Yb2SiO5,,water,Ceramic,77.0,0.0,48.0,2.0,823.0,0.1,0.864
Y2O3,SiO2,TBA,Ceramic,,0.0,12.0,1.0,1053.0,0.1174,0.7
Ag,,water,Metal,77.0,0.0,48.0,,,0.0001,0.959
Mullite,,TBA,Ceramic,,0.0,0.0,2.0,1773.0,0.1079,0.7
HAP,MgO,TBA,Ceramic,,0.0,,1.0,1673.0,0.075,0.85
Mullite,,camphene,Ceramic,77.0,0.0,,,873.0,0.15,0.693
Al2O3,,camphene,Ceramic,,0.0,,4.0,1873.0,0.226,0.51
Al2O3,chitosan,acetic acid,Ceramic,,1.0,,,,0.27,0.91
Mullite,,camphene,Ceramic,,0.0,24.0,1.0,773.0,0.1655,0.7
Al2O3,,camphene,Ceramic,248.0,0.0,,,,0.2,0.7
HAP,,water,Ceramic,255.0,0.0,8.0,,823.0,0.2406,0.4148
gelatin,,acetic acid,Polymer,77.0,0.0,48.0,,,0.0039,0.99
chitosan,TCP,water,Ceramic/Polymer,253.0,0.0,6.0,,,0.1468,0.68
HAP,TCP,camphene,Ceramic,,0.0,,3.0,1548.0,0.07,0.64
LSM,YSZ,water,Ceramic,,10.0,12.0,1.0,873.0,0.17,0.57
YSZ,,water,Ceramic,,25.0,48.0,5.0,773.0,0.2,0.704
HAP,,water,Ceramic,243.0,0.0,0.0,3.0,1623.0,0.3,0.425
Al2O3,,water,Ceramic,,0.0,96.0,4.0,723.0,0.35,0.52
gelatin,,acetic acid,Polymer,77.0,0.0,48.0,,,0.0234,0.956
TiO2,,water,Ceramic,,10.0,72.0,3.0,1273.0,0.1,0.84
Bioglass,,camphene,Ceramic,,0.0,,1.0,1773.0,0.1,0.5
YSZ,,TBA,Ceramic,,0.0,,2.0,1823.0,0.15,0.4
Bioglass,,camphene,Ceramic,,0.0,24.0,1.0,1673.0,0.1,0.86
Al2O3,,water,Ceramic,,0.0,96.0,4.0,723.0,0.25,0.65
YSZ,,water,Ceramic,,0.0,,,,0.3,0.75
SiO2,,TBA,Ceramic,,0.0,12.0,1.0,873.0,0.07,0.701
Al2O3,chitosan,acetic acid,Ceramic,,10.0,,,,0.27,0.91
PVA,,water,Polymer,77.0,0.0,,,,0.0657,0.78
Al2O3,,water,Ceramic,243.0,0.0,48.0,4.0,1773.0,0.2,0.641
Al2O3,,Glycerine Ether,Ceramic,253.0,0.0,,3.0,1773.0,0.2,0.71
HAP,,camphene,Ceramic,,0.0,,3.0,1573.0,0.2,0.78
Fe2O3,,camphene,Metal,303.0,0.0,,12.0,873.0,0.05,0.816
Al2O3,,camphene,Ceramic,293.0,0.0,,,1673.0,0.15,0.73
Al2O3,CuO,water,Ceramic,253.0,0.0,48.0,1.0,873.0,0.3,0.6
Bioglass,,water,Ceramic,,0.0,24.0,1.5,1823.0,0.22,0.403
WO3,,water,Metal,248.0,0.0,,,1023.0,0.35,0.271
Al2O3,,water,Ceramic,193.0,5.0,72.0,0.5,2323.0,0.3,0.52
chitosan,HAP,water,Polymer,77.0,0.0,0.0,,,0.09,0.553
SiO2,kaolinite,water,Ceramic,238.0,0.0,,24.0,1523.0,0.24,0.575
Si4Al2O2N6,,camphene,Ceramic,273.0,0.0,96.0,3.0,823.0,0.3,0.361
Al2O3,,naphthalene,Ceramic,291.0,0.0,60.0,4.0,1873.0,0.3,0.22
Al2O3,CuO,water,Ceramic,253.0,0.0,48.0,1.0,873.0,0.3,0.64
HAP,,water,Ceramic,253.0,0.0,,3.0,1623.0,0.1,0.65
gelatin,,acetic acid,Polymer,77.0,0.0,48.0,,,0.0234,0.954
CaSiO3,,water,Ceramic,243.0,0.0,,3.0,1623.0,0.15,0.76
Al2O3,ZrO2,TBA,Ceramic,77.0,0.0,,,1773.0,0.15,0.49
YSZ,,water,Ceramic,255.0,0.0,24.0,2.0,873.0,0.3297,0.5
Al2O3,chitosan,acetic acid,Ceramic,,1.0,,,,0.27,0.908
Al2O3,,camphene,Ceramic,298.0,0.0,24.0,5.0,1873.0,0.22,0.609
YSZ,,camphene,Ceramic,288.0,0.0,24.0,1.0,973.0,0.2,0.85
HAP,BT,water,Ceramic,173.0,5.0,24.0,3.0,873.0,0.2,0.574
Al2O3,,water,Ceramic,,0.0,96.0,4.0,723.0,0.25,0.73
Mullite,,TBA,Ceramic,,0.0,12.0,2.0,1973.0,0.2,0.63
Bioglass,HAP,camphene,Ceramic,,0.0,,3.0,1523.0,0.2857,0.25
Al2O3,ZrO2,water,Ceramic,,0.0,24.0,,773.0,0.37,0.35
Al2O3,,camphene,Ceramic,276.0,0.0,,4.0,1373.0,0.25,0.59
BaTiO3,,water,Ceramic,,0.0,,2.0,1773.0,0.25,0.49
Si3N4,,water,Ceramic,,0.0,,2.0,873.0,0.2,0.721
HAP,PMMA,water,Ceramic,255.0,0.0,8.0,2.0,873.0,0.2406,0.6569
Si3N4,Y2O3,water,Ceramic,,0.0,,2.0,873.0,0.5,0.427
Al2O3,Mullite,water,Ceramic,,0.0,0.0,5.0,1873.0,0.505,0.74
HAP,TCP,water,Ceramic,243.0,0.0,168.0,,,0.1091,0.5
Al2O3,SiO2,TBA,Ceramic,273.0,0.0,,,1673.0,0.1,0.691
HAP,,water,Ceramic,,0.0,24.0,3.0,1523.0,0.1,0.86
Bioglass,,water,Ceramic,253.0,0.0,,,773.0,0.1,0.75
chitosan,TCP,water,Ceramic/Polymer,253.0,0.0,6.0,,,0.1468,0.74
YSZ,,TBA,Ceramic,,0.0,12.0,1.0,873.0,0.02,0.67
Al2O3,ZrO2,TBA,Ceramic,77.0,0.0,,,1773.0,0.1,0.578
HAP,,water,Ceramic,,5.0,,2.0,1563.0,0.15,0.6
SiO2,,water,Ceramic,,0.0,,,,0.1392,0.4
PZT,,TBA,Ceramic,,0.0,0.0,2.0,1723.0,0.4,0.3
WO3,,water,Metal,253.0,0.0,,,1023.0,0.25,0.496
chitin,,water,Polymer,,0.0,24.0,,,0.0053,0.987
TCP,,water,Ceramic,,0.0,48.0,,673.0,0.1,0.818
YSZ,,TBA,Ceramic,243.0,0.0,0.0,0.5,723.0,0.15,0.78
Al2O3,,naphthalene,Ceramic,291.0,0.0,60.0,4.0,1873.0,0.3,0.35
Y2SiO5,,water,Ceramic,77.0,0.0,48.0,2.0,673.0,0.3,0.52
HAP,TCP,water,Ceramic,243.0,0.0,168.0,,,0.1091,0.6
